id,first_name,last_name,email,gender,birth,city,zip code,country
1,Jeremy,Hernandez,jhernandez0@t-online.de,Male,8/10/1985,Rouen,76926 CEDEX 9,France
2,Sean,Henry,shenry1@sohu.com,Male,2/21/1989,Nice,06102 CEDEX 2,France
3,David,Riley,driley2@virginia.edu,Male,1/9/1983,Saint-Étienne,42014 CEDEX 2,France
4,Joan,Carter,jcarter3@wp.com,Female,10/31/1987,Thionville,57119 CEDEX,France
5,Raymond,Long,rlong4@is.gd,Male,5/6/1981,Valence,26003 CEDEX,France
6,Sean,Lee,slee5@typepad.com,Male,6/8/1983,Évreux,27009 CEDEX,France
7,Steve,Coleman,scoleman6@google.cn,Male,3/30/1992,Champigny-sur-Marne,94504 CEDEX,France
8,Clarence,Taylor,ctaylor7@mapy.cz,Male,6/10/1990,Nancy,54076 CEDEX,France
9,Bonnie,Butler,bbutler8@umn.edu,Female,11/24/1991,Bordeaux,33026 CEDEX,France
10,Robert,Mitchell,rmitchell9@netscape.com,Male,6/4/1984,Saint-Ouen,93584 CEDEX,France
11,Carol,Long,clonga@google.de,Female,8/9/1980,Cahors,46091 CEDEX 9,France
12,Amanda,Hart,ahartb@friendfeed.com,Female,8/20/1981,Auxerre,89024 CEDEX,France
13,Kathryn,Gordon,kgordonc@shareasale.com,Female,2/22/1986,Wasquehal,59449 CEDEX,France
14,Wayne,Young,wyoungd@abc.net.au,Male,7/19/1989,Cergy-Pontoise,95061 CEDEX 1,France
15,Judy,Watson,jwatsone@amazon.de,Female,6/26/1990,Châtellerault,86104 CEDEX,France
16,Jerry,Gomez,jgomezf@jiathis.com,Male,11/14/1984,Lyon,69395 CEDEX 03,France
17,Cheryl,Gonzales,cgonzalesg@prweb.com,Female,10/4/1984,Châteaurenard,13834 CEDEX,France
18,Bruce,Ryan,bryanh@toplist.cz,Male,12/17/1983,Maisons-Alfort,94704 CEDEX,France
19,Phyllis,Andrews,pandrewsi@prweb.com,Female,2/4/1984,Issoudun,36104 CEDEX,France
20,Peter,Mccoy,pmccoyj@sciencedaily.com,Male,10/10/1986,Senlis,60309 CEDEX,France
21,William,Williamson,wwilliamsonk@theglobeandmail.com,Male,9/30/1981,Sarreguemines,57204 CEDEX,France
22,Carlos,Reynolds,creynoldsl@upenn.edu,Male,1/24/1991,Rochefort,17314 CEDEX,France
23,Maria,Thomas,mthomasm@chronoengine.com,Female,6/21/1984,Saint-Jean-de-Luz,64504 CEDEX,France
24,Louise,Porter,lportern@deviantart.com,Female,6/7/1985,Mayenne,53104 CEDEX,France
25,Christina,Ross,crosso@icio.us,Female,2/13/1988,Dijon,21083 CEDEX 9,France
26,Juan,Vasquez,jvasquezp@nsw.gov.au,Male,7/8/1985,Le Bourget-du-Lac,73379 CEDEX,France
27,Martin,Moreno,mmorenoq@bloglines.com,Male,6/9/1981,Mont-de-Marsan,40025 CEDEX,France
28,Jimmy,Griffin,jgriffinr@ox.ac.uk,Male,10/3/1988,Angoulême,16919 CEDEX 9,France
29,Anna,Daniels,adanielss@geocities.com,Female,11/17/1982,Bonneuil-sur-Marne,94384 CEDEX,France
30,Joe,Bowman,jbowmant@ihg.com,Male,8/9/1985,Grenoble,38030 CEDEX 2,France
31,Christina,Gordon,cgordonu@eventbrite.com,Female,12/8/1981,Épernay,51209 CEDEX,France
32,Jeremy,Bailey,jbaileyv@hud.gov,Male,5/7/1990,Paris La Défense,92036 CEDEX,France
33,Michelle,Gonzales,mgonzalesw@time.com,Female,3/28/1986,Bollène,84504 CEDEX,France
34,Rose,Evans,revansx@slate.com,Female,3/30/1987,Villeneuve-lès-Avignon,30404 CEDEX,France
35,Judy,Clark,jclarky@cargocollective.com,Female,8/9/1983,Blaye,33394 CEDEX,France
36,Cynthia,Carroll,ccarrollz@hubpages.com,Female,1/28/1988,Morez,39409 CEDEX,France
37,Billy,Murphy,bmurphy10@shinystat.com,Male,3/22/1993,Lille,59002 CEDEX,France
38,Joan,Gomez,jgomez11@indiatimes.com,Female,10/24/1991,Levallois-Perret,92691 CEDEX,France
39,Joe,Reynolds,jreynolds12@mapy.cz,Male,8/15/1991,Périgny,17184 CEDEX,France
40,Cheryl,Henry,chenry13@scientificamerican.com,Female,5/24/1980,Aubagne,13681 CEDEX,France
41,Kathryn,Wood,kwood14@adobe.com,Female,12/27/1984,Saint-Étienne,42021 CEDEX 1,France
42,Anthony,Reed,areed15@t-online.de,Male,7/19/1987,Lyon,69907 CEDEX 20,France
43,Thomas,Ward,tward16@usa.gov,Male,1/23/1987,Roissy Charles-de-Gaulle,95711 CEDEX 1,France
44,Evelyn,Holmes,eholmes17@amazonaws.com,Female,1/27/1981,Avignon,84019 CEDEX 1,France
45,Margaret,Harvey,mharvey18@cornell.edu,Female,9/28/1992,Paris 19,75949 CEDEX 19,France
46,Stephen,Nichols,snichols19@prlog.org,Male,7/4/1984,Rouen,76177 CEDEX,France
47,Donna,Peterson,dpeterson1a@theatlantic.com,Female,9/13/1982,Grenoble,38014 CEDEX 1,France
48,Russell,Grant,rgrant1b@instagram.com,Male,9/13/1989,Bayeux,14409 CEDEX,France
49,Rebecca,Garrett,rgarrett1c@hubpages.com,Female,9/8/1985,Carpiquet,14654 CEDEX,France
50,Rebecca,Baker,rbaker1d@walmart.com,Female,1/15/1988,Tourcoing,59339 CEDEX,France
51,Phyllis,Armstrong,parmstrong1e@newyorker.com,Female,12/18/1988,Angoulême,16999 CEDEX 9,France
52,Barbara,Greene,bgreene1f@facebook.com,Female,8/26/1992,Villeurbanne,69604 CEDEX,France
53,Emily,Rice,erice1g@goo.gl,Female,7/12/1989,Clermont-Ferrand,63964 CEDEX 9,France
54,Charles,Phillips,cphillips1h@elegantthemes.com,Male,2/16/1981,Nantes,44945 CEDEX 9,France
55,Emily,Harris,eharris1i@mail.ru,Female,6/8/1989,Lille,59859 CEDEX,France
56,Benjamin,Powell,bpowell1j@typepad.com,Male,3/1/1986,Bourg-en-Bresse,01009 CEDEX,France
57,Debra,Howard,dhoward1k@ebay.co.uk,Female,3/26/1984,Nanterre,92742 CEDEX,France
58,Denise,Gonzalez,dgonzalez1l@shutterfly.com,Female,4/9/1989,Digne-les-Bains,04990 CEDEX 9,France
59,Carol,Kelley,ckelley1m@woothemes.com,Female,7/22/1991,Fresnes,94269 CEDEX,France
60,Albert,Romero,aromero1n@nba.com,Male,8/22/1986,Obernai,67214 CEDEX,France
61,Katherine,Jones,kjones1o@miibeian.gov.cn,Female,1/12/1984,Maisons-Laffitte,78604 CEDEX,France
62,Laura,Anderson,landerson1p@chicagotribune.com,Female,8/4/1988,Saint-Cloud,92214 CEDEX,France
63,Carlos,Hudson,chudson1q@indiegogo.com,Male,6/5/1985,Marseille,13343 CEDEX 15,France
64,Alice,Medina,amedina1r@mashable.com,Female,9/3/1989,Paris 08,75419 CEDEX 08,France
65,Joyce,Watson,jwatson1s@digg.com,Female,7/19/1989,Montélimar,26209 CEDEX,France
66,Julia,Matthews,jmatthews1t@webeden.co.uk,Female,10/16/1982,Rennes,35203 CEDEX 2,France
67,Timothy,Welch,twelch1u@salon.com,Male,4/3/1991,Cergy-Pontoise,95032 CEDEX,France
68,Emily,King,eking1v@go.com,Female,6/15/1983,Rennes,35022 CEDEX 2,France
69,Michael,James,mjames1w@sitemeter.com,Male,8/19/1992,Bordeaux,33733 CEDEX 9,France
70,Billy,Greene,bgreene1x@canalblog.com,Male,9/3/1984,Saint-Marcellin,38164 CEDEX,France
71,Sandra,Gonzalez,sgonzalez1y@infoseek.co.jp,Female,5/22/1983,Paris La Défense,92036 CEDEX,France
72,Theresa,Hanson,thanson1z@sakura.ne.jp,Female,7/14/1988,Bayonne,64109 CEDEX,France
73,Annie,Hudson,ahudson20@friendfeed.com,Female,5/26/1981,Lille,59044 CEDEX,France
74,Kevin,Gibson,kgibson21@patch.com,Male,9/4/1981,Tours,37082 CEDEX 2,France
75,Kathy,Nguyen,knguyen22@prweb.com,Female,11/9/1983,Beaune,21209 CEDEX,France
76,Diana,Welch,dwelch23@yolasite.com,Female,10/1/1986,Neuilly-sur-Marne,93335 CEDEX,France
77,Sarah,Brooks,sbrooks24@reverbnation.com,Female,10/11/1990,Pau,64004 CEDEX,France
78,Jimmy,Andrews,jandrews25@4shared.com,Male,7/25/1991,Nanterre,92742 CEDEX,France
79,Katherine,Butler,kbutler26@tinyurl.com,Female,12/27/1985,Angers,49066 CEDEX 01,France
80,Virginia,Lopez,vlopez27@chronoengine.com,Female,7/20/1988,Lyon,69362 CEDEX 07,France
81,Victor,Perez,vperez28@behance.net,Male,6/18/1992,La Roche-sur-Yon,85021 CEDEX,France
82,Julia,Mccoy,jmccoy29@telegraph.co.uk,Female,12/15/1992,Metz,57032 CEDEX 01,France
83,Kathleen,Mendoza,kmendoza2a@ucoz.com,Female,9/7/1983,Auxerre,89010 CEDEX,France
84,Randy,Kelley,rkelley2b@who.int,Male,2/2/1985,Paris 17,75853 CEDEX 17,France
85,Deborah,Baker,dbaker2c@goo.ne.jp,Female,4/19/1987,Lyon,69345 CEDEX 07,France
86,Jose,Lopez,jlopez2d@pcworld.com,Male,11/5/1989,Brive-la-Gaillarde,19117 CEDEX,France
87,Frances,Simmons,fsimmons2e@nhs.uk,Female,1/18/1987,Villefranche-sur-Mer,06234 CEDEX,France
88,Ann,Evans,aevans2f@soup.io,Female,3/26/1983,Angers,49066 CEDEX 01,France
89,Tammy,Coleman,tcoleman2g@liveinternet.ru,Female,10/22/1984,Mirecourt,88504 CEDEX,France
90,Phyllis,Fields,pfields2h@slideshare.net,Female,9/30/1981,Rouen,76418 CEDEX 9,France
91,Christina,Hudson,chudson2i@si.edu,Female,6/13/1981,Chartres,28034 CEDEX,France
92,Maria,Phillips,mphillips2j@springer.com,Female,10/4/1992,La Rochelle,17073 CEDEX 9,France
93,Joe,Adams,jadams2k@rakuten.co.jp,Male,11/29/1983,Avignon,84072 CEDEX 4,France
94,Janice,Reyes,jreyes2l@youtube.com,Female,6/3/1984,Arbois,39605 CEDEX,France
95,Keith,Bell,kbell2m@pinterest.com,Male,7/21/1981,Lyon,69939 CEDEX 20,France
96,Carl,Simpson,csimpson2n@feedburner.com,Male,5/6/1991,Amboise,37404 CEDEX,France
97,Annie,Henry,ahenry2o@google.co.jp,Female,8/29/1984,Marne-la-Vallée,77316 CEDEX 2,France
98,Jerry,Carpenter,jcarpenter2p@oaic.gov.au,Male,5/2/1985,Istres,13802 CEDEX,France
99,Nicholas,Duncan,nduncan2q@amazon.com,Male,8/2/1990,Marseille,13245 CEDEX 04,France
100,Amanda,Mills,amills2r@economist.com,Female,10/14/1991,Sainte-Geneviève-des-Bois,91709 CEDEX,France
101,Maria,Wallace,mwallace2s@lulu.com,Female,5/21/1987,Montesson,78364 CEDEX,France
102,Alice,Cruz,acruz2t@auda.org.au,Female,9/20/1981,Clermont-Ferrand,63043 CEDEX 2,France
103,Jeremy,Hudson,jhudson2u@sciencedaily.com,Male,7/6/1992,Verdun,55109 CEDEX,France
104,Ryan,Ramirez,rramirez2v@dedecms.com,Male,6/7/1987,Limoges,87046 CEDEX 1,France
105,Ann,Richardson,arichardson2w@blinklist.com,Female,12/2/1989,Noisy-le-Grand,93883 CEDEX,France
106,Ryan,Duncan,rduncan2x@thetimes.co.uk,Male,4/5/1992,Longvic,21604 CEDEX,France
107,Fred,Kelley,fkelley2y@creativecommons.org,Male,6/7/1983,Paris 13,75706 CEDEX 13,France
108,William,Woods,wwoods2z@xrea.com,Male,9/17/1985,Haguenau,67504 CEDEX,France
109,Ruby,Hanson,rhanson30@ning.com,Female,3/27/1983,Rennes,35009 CEDEX,France
110,Ronald,Richards,rrichards31@dot.gov,Male,10/7/1982,Marne-la-Vallée,77614 CEDEX 3,France
111,John,Cooper,jcooper32@shutterfly.com,Male,2/17/1983,Lagnieu,01154 CEDEX,France
112,Dennis,Jacobs,djacobs33@slashdot.org,Male,11/16/1981,Évreux,27036 CEDEX,France
113,Ashley,Collins,acollins34@soundcloud.com,Female,5/18/1981,Angoulême,16015 CEDEX,France
114,Joe,Howell,jhowell35@bizjournals.com,Male,5/1/1992,La Garenne-Colombes,92959 CEDEX,France
115,Melissa,Knight,mknight36@networkadvertising.org,Female,12/27/1986,Lomme,59468 CEDEX,France
116,Ruth,Perkins,rperkins37@mediafire.com,Female,1/19/1981,Pont-à-Mousson,54704 CEDEX,France
117,Kathryn,Wright,kwright38@linkedin.com,Female,4/2/1983,Claye-Souilly,77414 CEDEX,France
118,Johnny,Sanchez,jsanchez39@ustream.tv,Male,7/24/1982,Saint-Quentin-en-Yvelines,78093 CEDEX 9,France
119,Kathryn,Olson,kolson3a@globo.com,Female,3/19/1988,Sélestat,67609 CEDEX,France
120,Clarence,Owens,cowens3b@mayoclinic.com,Male,12/4/1982,Paris 16,75778 CEDEX 16,France
121,Irene,Marshall,imarshall3c@topsy.com,Female,7/23/1985,Vesoul,70030 CEDEX,France
122,Norma,Morgan,nmorgan3d@cbsnews.com,Female,8/21/1985,Claye-Souilly,77414 CEDEX,France
123,Helen,Ward,hward3e@goodreads.com,Female,8/25/1982,Strasbourg,67928 CEDEX 9,France
124,Jerry,Washington,jwashington3f@ehow.com,Male,11/23/1989,Vannes,56004 CEDEX,France
125,Walter,Fowler,wfowler3g@miibeian.gov.cn,Male,11/30/1991,Saint-Julien-en-Genevois,74164 CEDEX,France
126,Eugene,Hunter,ehunter3h@51.la,Male,3/27/1992,Vincennes,94309 CEDEX,France
127,Samuel,Holmes,sholmes3i@chron.com,Male,1/10/1981,Limoges,87090 CEDEX 9,France
128,Frank,Hudson,fhudson3j@disqus.com,Male,11/2/1980,La Chapelle-sur-Erdre,44244 CEDEX,France
129,George,Foster,gfoster3k@time.com,Male,5/4/1982,Paris 08,75419 CEDEX 08,France
130,Karen,Hart,khart3l@pen.io,Female,7/30/1989,Marne-la-Vallée,77453 CEDEX 2,France
131,Walter,Foster,wfoster3m@nature.com,Male,4/7/1982,Clermont-Ferrand,63019 CEDEX 2,France
132,Douglas,Snyder,dsnyder3n@vkontakte.ru,Male,6/4/1980,Limoges,87041 CEDEX 1,France
133,Antonio,Tucker,atucker3o@independent.co.uk,Male,2/26/1983,Rennes,35059 CEDEX,France
134,Patricia,Robinson,probinson3p@youku.com,Female,6/21/1989,Caluire-et-Cuire,69644 CEDEX,France
135,Edward,Johnson,ejohnson3q@about.com,Male,12/27/1989,Montpellier,34934 CEDEX 9,France
136,Andrea,Fox,afox3r@mail.ru,Female,3/3/1986,Le Kremlin-Bicêtre,94279 CEDEX,France
137,Raymond,Kelley,rkelley3s@ezinearticles.com,Male,8/8/1980,Sallanches,74704 CEDEX,France
138,Katherine,Sullivan,ksullivan3t@huffingtonpost.com,Female,4/26/1982,Brétigny-sur-Orge,91229 CEDEX,France
139,Clarence,Holmes,cholmes3u@yolasite.com,Male,9/6/1986,Quimper,29563 CEDEX 9,France
140,Nicole,Holmes,nholmes3v@cafepress.com,Female,1/5/1984,Meylan,38244 CEDEX,France
141,Shirley,Nelson,snelson3w@prlog.org,Female,1/4/1990,Rungis,94631 CEDEX 1,France
142,Fred,Russell,frussell3x@t-online.de,Male,3/22/1983,Carpentras,84204 CEDEX,France
143,Paul,Peters,ppeters3y@miitbeian.gov.cn,Male,7/7/1984,Calais,62907 CEDEX,France
144,Lisa,Ward,lward3z@who.int,Female,6/9/1991,Lyon,69281 CEDEX 01,France
145,Rose,Gibson,rgibson40@elegantthemes.com,Female,2/26/1985,Roissy Charles-de-Gaulle,95915 CEDEX 2,France
146,Lisa,Gilbert,lgilbert41@deviantart.com,Female,12/16/1984,Apt,84404 CEDEX,France
147,John,Cooper,jcooper42@hhs.gov,Male,3/26/1987,Paris 08,75374 CEDEX 08,France
148,Scott,Grant,sgrant43@hao123.com,Male,6/22/1981,Angers,49033 CEDEX 01,France
149,Chris,Ortiz,cortiz44@bigcartel.com,Male,12/20/1988,Vélizy-Villacoublay,78942 CEDEX,France
150,Angela,Mills,amills45@stanford.edu,Female,8/3/1988,Paris 05,75240 CEDEX 05,France
151,Jerry,Wood,jwood46@google.co.uk,Male,4/12/1981,Roissy Charles-de-Gaulle,95959 CEDEX 2,France
152,Billy,Castillo,bcastillo47@omniture.com,Male,2/14/1983,Saint-Julien-en-Genevois,74164 CEDEX,France
153,Todd,Palmer,tpalmer48@sciencedirect.com,Male,2/14/1984,Domont,95334 CEDEX,France
154,Kelly,Ward,kward49@mtv.com,Female,4/6/1987,Ajaccio,20311 CEDEX 1,France
155,Rebecca,Johnson,rjohnson4a@youtube.com,Female,3/9/1982,Paris La Défense,92980 CEDEX,France
156,Eric,Boyd,eboyd4b@dmoz.org,Male,3/8/1983,Strasbourg,67098 CEDEX 2,France
157,Judith,Griffin,jgriffin4c@aboutads.info,Female,6/8/1982,Toulouse,31079 CEDEX 5,France
158,Angela,Morrison,amorrison4d@prnewswire.com,Female,6/25/1985,Paris 11,75128 CEDEX 11,France
159,Randy,Castillo,rcastillo4e@altervista.org,Male,10/21/1980,Lagnieu,01154 CEDEX,France
160,Carlos,Jenkins,cjenkins4f@symantec.com,Male,3/23/1987,Nancy,54009 CEDEX,France
161,John,Adams,jadams4g@zdnet.com,Male,12/2/1992,Saint-Jean-de-Védas,34435 CEDEX,France
162,Irene,Rivera,irivera4h@google.com,Female,11/21/1981,Évry,91044 CEDEX,France
163,Alan,Gomez,agomez4i@plala.or.jp,Male,9/27/1990,Taverny,95251 CEDEX,France
164,Randy,Frazier,rfrazier4j@seesaa.net,Male,8/6/1987,Annecy,74041 CEDEX,France
165,Dennis,Bennett,dbennett4k@mit.edu,Male,8/9/1988,Épinal,88099 CEDEX 9,France
166,Maria,Adams,madams4l@spiegel.de,Female,12/12/1992,Cournon-d'Auvergne,63804 CEDEX,France
167,Lois,Thomas,lthomas4m@noaa.gov,Female,5/12/1982,Paris La Défense,92061 CEDEX,France
168,Joyce,Griffin,jgriffin4n@ibm.com,Female,3/1/1993,Saint-Priest-en-Jarez,42275 CEDEX,France
169,Gloria,Carroll,gcarroll4o@sciencedirect.com,Female,6/3/1984,Évry,91009 CEDEX,France
170,Catherine,Rose,crose4p@hostgator.com,Female,6/11/1984,Suresnes,92154 CEDEX,France
171,Richard,Reed,rreed4q@geocities.com,Male,9/2/1980,Colombes,92715 CEDEX,France
172,Shawn,Price,sprice4r@wiley.com,Male,5/6/1983,Saint-Maixent-l'École,79404 CEDEX,France
173,Kathleen,Price,kprice4s@usnews.com,Female,6/4/1990,Lille,59007 CEDEX,France
174,Susan,Wilson,swilson4t@geocities.com,Female,12/25/1988,Bordeaux,33090 CEDEX,France
175,Cynthia,Ruiz,cruiz4u@shareasale.com,Female,11/3/1984,Nogent-sur-Marne,94734 CEDEX,France
176,Emily,Moreno,emoreno4v@jugem.jp,Female,6/16/1985,Montpellier,34058 CEDEX 1,France
177,Victor,Ramos,vramos4w@surveymonkey.com,Male,8/4/1992,Noyal-sur-Vilaine,35538 CEDEX,France
178,Mary,Fields,mfields4x@businessweek.com,Female,4/8/1982,Quimper,29327 CEDEX,France
179,Thomas,Rivera,trivera4y@stumbleupon.com,Male,4/22/1982,Vincennes,94685 CEDEX,France
180,Debra,Butler,dbutler4z@unblog.fr,Female,2/9/1986,Puteaux,92822 CEDEX,France
181,Julie,Frazier,jfrazier50@economist.com,Female,7/10/1985,Lyon,69446 CEDEX 03,France
182,Teresa,Harvey,tharvey51@pcworld.com,Female,12/21/1989,La Rochelle,17073 CEDEX 9,France
183,Evelyn,Simpson,esimpson52@cpanel.net,Female,5/25/1991,Roissy Charles-de-Gaulle,95711 CEDEX 1,France
184,Joan,Kennedy,jkennedy53@arstechnica.com,Female,11/10/1988,Paris 13,75623 CEDEX 13,France
185,Michael,Cooper,mcooper54@craigslist.org,Male,12/16/1983,Le Havre,76059 CEDEX,France
186,Johnny,Butler,jbutler55@angelfire.com,Male,3/3/1982,Domont,95334 CEDEX,France
187,Julia,Hawkins,jhawkins56@vimeo.com,Female,11/1/1987,Laval,53009 CEDEX,France
188,Louis,Cox,lcox57@ameblo.jp,Male,1/31/1983,Vichy,03209 CEDEX,France
189,Judith,Fields,jfields58@reverbnation.com,Female,8/18/1986,Salon-de-Provence,13654 CEDEX,France
190,Howard,Sanders,hsanders59@nbcnews.com,Male,8/8/1987,Épinal,88099 CEDEX 9,France
191,Michelle,Lawson,mlawson5a@w3.org,Female,2/19/1982,Le Perreux-sur-Marne,94174 CEDEX,France
192,William,Cunningham,wcunningham5b@xing.com,Male,5/18/1992,Lille,59859 CEDEX,France
193,Wanda,Hill,whill5c@nydailynews.com,Female,11/26/1981,Annecy,74041 CEDEX,France
194,Janet,Spencer,jspencer5d@delicious.com,Female,7/10/1983,Vallauris,06224 CEDEX,France
195,Stephanie,Murphy,smurphy5e@un.org,Female,5/3/1981,Sainte-Luce-sur-Loire,44984 CEDEX,France
196,Elizabeth,Henderson,ehenderson5f@ft.com,Female,6/19/1990,Orléans,45969 CEDEX 9,France
197,Lori,Sanders,lsanders5g@example.com,Female,8/20/1980,Mirecourt,88504 CEDEX,France
198,Judith,Garcia,jgarcia5h@alexa.com,Female,9/27/1989,Bagneux,92224 CEDEX,France
199,Christine,Howell,chowell5i@upenn.edu,Female,4/19/1992,Rungis,94593 CEDEX 2,France
200,Jack,Sanchez,jsanchez5j@mayoclinic.com,Male,2/10/1986,Abbeville,80146 CEDEX,France
201,Craig,White,cwhite5k@hibu.com,Male,10/16/1984,Vannes,56902 CEDEX 9,France
202,Doris,Frazier,dfrazier5l@umich.edu,Female,2/23/1989,Grenoble,38035 CEDEX 2,France
203,Henry,Davis,hdavis5m@odnoklassniki.ru,Male,4/22/1982,Niort,79031 CEDEX 9,France
204,Michelle,Rose,mrose5n@xinhuanet.com,Female,5/13/1981,La Rochelle,17029 CEDEX 1,France
205,Jeremy,Edwards,jedwards5o@google.cn,Male,9/13/1987,Toulouse,31029 CEDEX 4,France
206,Bobby,Hawkins,bhawkins5p@hibu.com,Male,7/12/1985,Lyon,69469 CEDEX 06,France
207,Raymond,Nguyen,rnguyen5q@jugem.jp,Male,1/13/1989,Sarreguemines,57204 CEDEX,France
208,Eugene,Jacobs,ejacobs5r@google.es,Male,1/24/1990,Évry,91009 CEDEX,France
209,Patricia,Mitchell,pmitchell5s@samsung.com,Female,12/4/1991,Rennes,35903 CEDEX 9,France
210,Walter,Hanson,whanson5t@mlb.com,Male,6/13/1991,Valence,26907 CEDEX 9,France
211,Lisa,Morris,lmorris5u@tumblr.com,Female,12/15/1980,Millau,12104 CEDEX,France
212,Gary,Torres,gtorres5v@wordpress.org,Male,12/24/1991,Lyon,69488 CEDEX 03,France
213,Carl,Cox,ccox5w@addthis.com,Male,12/22/1985,Niort,79049 CEDEX 9,France
214,Beverly,Hill,bhill5x@redcross.org,Female,5/12/1991,Lyon,69446 CEDEX 03,France
215,Edward,Ramirez,eramirez5y@drupal.org,Male,7/7/1985,Villeneuve-la-Garenne,92398 CEDEX,France
216,Doris,Simpson,dsimpson5z@skype.com,Female,7/13/1992,Rungis,94518 CEDEX 1,France
217,Lillian,Grant,lgrant60@odnoklassniki.ru,Female,9/12/1990,Domont,95334 CEDEX,France
218,Christina,Romero,cromero61@mashable.com,Female,10/19/1984,Boulogne-Billancourt,92660 CEDEX,France
219,Pamela,Torres,ptorres62@cmu.edu,Female,1/12/1989,Rennes,35914 CEDEX 9,France
220,Brenda,Myers,bmyers63@list-manage.com,Female,9/19/1988,Marseille,13269 CEDEX 08,France
221,Jonathan,Marshall,jmarshall64@feedburner.com,Male,4/16/1989,Billère,64145 CEDEX,France
222,Victor,Freeman,vfreeman65@tinypic.com,Male,1/7/1985,Paris 15,75729 CEDEX 15,France
223,Emily,Armstrong,earmstrong66@ihg.com,Female,9/6/1990,Trélissac,24758 CEDEX,France
224,Maria,Morrison,mmorrison67@amazon.co.jp,Female,4/8/1982,Cergy-Pontoise,95032 CEDEX,France
225,Sandra,Taylor,staylor68@google.com.au,Female,11/25/1992,Châteauroux,36029 CEDEX,France
226,Shirley,Chapman,schapman69@wikispaces.com,Female,1/13/1985,Annonay,07104 CEDEX,France
227,Doris,Hayes,dhayes6a@hc360.com,Female,9/4/1980,Montbéliard,25204 CEDEX,France
228,Ernest,Shaw,eshaw6b@unicef.org,Male,4/25/1980,Lyon,69362 CEDEX 07,France
229,Diana,Hunter,dhunter6c@wikimedia.org,Female,3/1/1983,Caen,14030 CEDEX 4,France
230,Andrew,Lane,alane6d@bloglines.com,Male,4/24/1987,Troyes,10014 CEDEX,France
231,Sharon,Bryant,sbryant6e@nhs.uk,Female,12/27/1989,Montluel,01129 CEDEX,France
232,Timothy,Mason,tmason6f@google.co.jp,Male,1/31/1991,Portet-sur-Garonne,31124 CEDEX,France
233,Martin,Torres,mtorres6g@hao123.com,Male,8/16/1991,Labège,31678 CEDEX,France
234,Henry,Hernandez,hhernandez6h@ycombinator.com,Male,1/28/1982,Coutances,50204 CEDEX,France
235,Harold,Lawson,hlawson6i@comsenz.com,Male,8/3/1985,Limoges,87066 CEDEX 2,France
236,Elizabeth,Banks,ebanks6j@twitter.com,Female,6/1/1988,Angers,49023 CEDEX 02,France
237,Janice,Meyer,jmeyer6k@nydailynews.com,Female,9/24/1983,Dijon,21072 CEDEX,France
238,Juan,Foster,jfoster6l@example.com,Male,11/13/1983,Boulogne-Billancourt,92660 CEDEX,France
239,Kimberly,Johnson,kjohnson6m@google.co.uk,Female,11/18/1982,Saint-Jean-de-Braye,45809 CEDEX,France
240,Jesse,Nelson,jnelson6n@ezinearticles.com,Male,8/13/1989,Lavaur,81506 CEDEX,France
241,Kathryn,Ramos,kramos6o@sitemeter.com,Female,2/18/1984,Caen,14030 CEDEX 4,France
242,Mary,Olson,molson6p@w3.org,Female,12/6/1985,Bry-sur-Marne,94364 CEDEX,France
243,Patricia,Woods,pwoods6q@smh.com.au,Female,4/28/1991,Bourges,18035 CEDEX,France
244,William,Palmer,wpalmer6r@yandex.ru,Male,5/29/1987,Créteil,94946 CEDEX 9,France
245,Marie,Greene,mgreene6s@last.fm,Female,8/17/1990,Valenciennes,59304 CEDEX,France
246,Daniel,Perry,dperry6t@apple.com,Male,11/3/1992,Aubenas,07204 CEDEX,France
247,Henry,Oliver,holiver6u@weebly.com,Male,6/30/1980,Roissy Charles-de-Gaulle,95915 CEDEX 2,France
248,Wayne,Dixon,wdixon6v@wix.com,Male,5/16/1991,Villeneuve-la-Garenne,92398 CEDEX,France
249,Timothy,Nichols,tnichols6w@addtoany.com,Male,4/27/1989,Digne-les-Bains,04990 CEDEX 9,France
250,Beverly,Day,bday6x@harvard.edu,Female,8/22/1986,La Ravoire,73494 CEDEX,France
251,Victor,Mills,vmills6y@goo.ne.jp,Male,8/30/1991,Chartres,28034 CEDEX,France
252,Larry,Dixon,ldixon6z@oakley.com,Male,5/19/1984,Strasbourg,67013 CEDEX,France
253,Martin,Wright,mwright70@sina.com.cn,Male,9/1/1989,Arras,62036 CEDEX,France
254,Roy,Patterson,rpatterson71@live.com,Male,1/29/1993,Créteil,94039 CEDEX,France
255,Roger,Bryant,rbryant72@utexas.edu,Male,9/4/1985,Cergy-Pontoise,95652 CEDEX,France
256,Carol,Berry,cberry73@alibaba.com,Female,4/28/1984,Nevers,58017 CEDEX,France
257,Christine,Gibson,cgibson74@salon.com,Female,8/15/1990,Lyon,69464 CEDEX 06,France
258,Robert,Stephens,rstephens75@artisteer.com,Male,10/25/1986,Strasbourg,67080 CEDEX,France
259,Justin,Stephens,jstephens76@t.co,Male,7/12/1981,Épinal,88099 CEDEX 9,France
260,Benjamin,Burke,bburke77@google.com.hk,Male,2/20/1992,Vénissieux,69639 CEDEX,France
261,Lillian,Banks,lbanks78@freewebs.com,Female,11/11/1980,Saint-Jean-de-Monts,85164 CEDEX,France
262,Philip,Bell,pbell79@geocities.com,Male,7/16/1981,Lyon,69206 CEDEX 01,France
263,Mary,Foster,mfoster7a@blogger.com,Female,1/9/1985,Cluses,74304 CEDEX,France
264,Jeremy,Wells,jwells7b@facebook.com,Male,12/23/1987,Metz,57751 CEDEX 9,France
265,Marilyn,Chapman,mchapman7c@sakura.ne.jp,Female,6/17/1992,Trélissac,24758 CEDEX,France
266,Roger,Howell,rhowell7d@unicef.org,Male,1/30/1982,Le Blanc-Mesnil,93154 CEDEX,France
267,Nancy,Simpson,nsimpson7e@delicious.com,Female,10/2/1992,Alès,30104 CEDEX,France
268,Eugene,Dean,edean7f@businessinsider.com,Male,8/27/1982,Saint-Flour,15104 CEDEX,France
269,Scott,Garrett,sgarrett7g@home.pl,Male,1/22/1990,Cournon-d'Auvergne,63804 CEDEX,France
270,Scott,Gordon,sgordon7h@cnet.com,Male,7/12/1981,Caluire-et-Cuire,69649 CEDEX,France
271,Ruth,Wheeler,rwheeler7i@slate.com,Female,10/25/1990,Romans-sur-Isère,26109 CEDEX,France
272,Barbara,Allen,ballen7j@harvard.edu,Female,10/13/1983,Istres,13802 CEDEX,France
273,Gloria,Price,gprice7k@github.com,Female,11/16/1992,Le Perreux-sur-Marne,94174 CEDEX,France
274,Ruth,Murphy,rmurphy7l@theguardian.com,Female,12/13/1980,Créteil,94009 CEDEX,France
275,Kenneth,Cooper,kcooper7m@howstuffworks.com,Male,2/19/1992,Nancy,54009 CEDEX,France
276,Harold,Reid,hreid7n@adobe.com,Male,3/15/1983,Vanves,92179 CEDEX,France
277,Tina,Hart,thart7o@slideshare.net,Female,7/17/1985,Boulogne-Billancourt,92645 CEDEX,France
278,Gary,Fowler,gfowler7p@xrea.com,Male,11/13/1980,Lyon,69902 CEDEX 20,France
279,Donna,Carpenter,dcarpenter7q@wordpress.org,Female,10/23/1992,Bondy,93144 CEDEX,France
280,Joe,Oliver,joliver7r@unicef.org,Male,7/29/1987,Beaune,21209 CEDEX,France
281,Jimmy,Clark,jclark7s@bloomberg.com,Male,11/3/1989,Périgny,17184 CEDEX,France
282,Steve,Watson,swatson7t@homestead.com,Male,12/14/1985,Paris 11,75547 CEDEX 11,France
283,Wayne,Vasquez,wvasquez7u@businessweek.com,Male,5/18/1982,Guyancourt,78280,France
284,Gerald,Moore,gmoore7v@geocities.com,Male,4/25/1987,Arras,62036 CEDEX,France
285,Keith,Price,kprice7w@tiny.cc,Male,6/19/1991,Aubervilliers,93321 CEDEX,France
286,Brenda,Ray,bray7x@yale.edu,Female,8/21/1981,Bourges,18934 CEDEX 9,France
287,Craig,Green,cgreen7y@istockphoto.com,Male,1/25/1985,Fos-sur-Mer,13779 CEDEX,France
288,Patrick,Young,pyoung7z@wikispaces.com,Male,3/21/1981,Issy-les-Moulineaux,92782 CEDEX 9,France
289,Fred,Reid,freid80@over-blog.com,Male,4/14/1993,Deauville,14804 CEDEX,France
290,Peter,King,pking81@globo.com,Male,10/20/1980,Besançon,25004 CEDEX,France
291,Helen,Tucker,htucker82@google.ca,Female,1/6/1982,Colombes,92715 CEDEX,France
292,Gerald,Simpson,gsimpson83@boston.com,Male,3/31/1987,Rouen,76040 CEDEX,France
293,William,Hughes,whughes84@harvard.edu,Male,5/30/1982,Vannes,56019 CEDEX,France
294,Wayne,Wagner,wwagner85@google.com.au,Male,2/29/1988,Laval,53022 CEDEX 9,France
295,Jessica,Boyd,jboyd86@hao123.com,Female,1/31/1982,Aubergenville,78415 CEDEX,France
296,Stephen,Gordon,sgordon87@eventbrite.com,Male,12/14/1987,Boulogne-sur-Mer,62222 CEDEX,France
297,Brian,Hill,bhill88@unicef.org,Male,9/6/1991,Nanterre,92019 CEDEX,France
298,Raymond,Lynch,rlynch89@squarespace.com,Male,10/2/1984,Mirecourt,88504 CEDEX,France
299,Stephanie,Fuller,sfuller8a@state.gov,Female,8/2/1980,Versailles,78020 CEDEX,France
300,Janet,Phillips,jphillips8b@japanpost.jp,Female,5/12/1987,Évreux,27095 CEDEX 9,France
301,Frances,Ramirez,framirez8c@skype.com,Female,8/31/1988,Cahors,46091 CEDEX 9,France
302,Angela,Hudson,ahudson8d@vistaprint.com,Female,8/13/1989,Le Mans,72015 CEDEX 2,France
303,Janet,Stevens,jstevens8e@utexas.edu,Female,8/10/1988,Colmar,68004 CEDEX,France
304,Mark,Adams,madams8f@wisc.edu,Male,3/16/1985,Limoges,87930 CEDEX 9,France
305,Benjamin,Stanley,bstanley8g@netlog.com,Male,10/30/1986,Plaisir,78379 CEDEX,France
306,Judy,Fowler,jfowler8h@prnewswire.com,Female,6/16/1988,Strasbourg,67013 CEDEX,France
307,Terry,Ferguson,tferguson8i@blogger.com,Male,12/15/1984,Avon,77214 CEDEX,France
308,Philip,Andrews,pandrews8j@google.co.uk,Male,6/13/1980,Dijon,21030 CEDEX,France
309,Henry,Watson,hwatson8k@geocities.com,Male,3/18/1987,Paris 01,75054 CEDEX 01,France
310,Sandra,Riley,sriley8l@privacy.gov.au,Female,2/7/1993,Nantes,44036 CEDEX 1,France
311,Juan,Greene,jgreene8m@photobucket.com,Male,2/27/1984,Toulouse,31931 CEDEX 9,France
312,Aaron,Stanley,astanley8n@dmoz.org,Male,8/1/1991,Agen,47923 CEDEX 9,France
313,Melissa,Stewart,mstewart8o@twitpic.com,Female,5/8/1987,Nantes,44945 CEDEX 9,France
314,Raymond,Nguyen,rnguyen8p@amazon.co.jp,Male,11/24/1987,Bagnères-de-Bigorre,65204 CEDEX,France
315,Ruby,Warren,rwarren8q@cam.ac.uk,Female,2/18/1986,Vincennes,94309 CEDEX,France
316,Shawn,Thompson,sthompson8r@wix.com,Male,6/30/1980,Alençon,61042 CEDEX,France
317,Benjamin,Fisher,bfisher8s@trellian.com,Male,5/27/1983,Le Havre,76069 CEDEX,France
318,Jesse,Gilbert,jgilbert8t@upenn.edu,Male,3/19/1991,Montélimar,26204 CEDEX,France
319,Mildred,Ruiz,mruiz8u@indiegogo.com,Female,1/18/1984,Saint-Quentin-en-Yvelines,78897 CEDEX,France
320,Andrea,Snyder,asnyder8v@springer.com,Female,11/2/1985,Besançon,25057 CEDEX,France
321,Bonnie,Carroll,bcarroll8w@51.la,Female,7/1/1989,Corbeil-Essonnes,91815 CEDEX,France
322,Andrew,White,awhite8x@goo.ne.jp,Male,3/17/1982,Orly,94537 CEDEX,France
323,Ronald,Berry,rberry8y@wisc.edu,Male,9/13/1988,Montélimar,26209 CEDEX,France
324,Ryan,Webb,rwebb8z@about.me,Male,4/4/1986,Nuits-Saint-Georges,21704 CEDEX,France
325,Patrick,Ellis,pellis90@ucoz.com,Male,1/7/1983,Agen,47912 CEDEX 9,France
326,Sandra,Graham,sgraham91@dot.gov,Female,9/17/1980,Cavaillon,84309 CEDEX,France
327,Peter,Henry,phenry92@infoseek.co.jp,Male,9/22/1989,Thiers,63304 CEDEX,France
328,Bobby,Payne,bpayne93@pen.io,Male,11/20/1989,Saint-Avertin,37554 CEDEX,France
329,Adam,Taylor,ataylor94@abc.net.au,Male,3/29/1987,Bordeaux,33026 CEDEX,France
330,Raymond,Moore,rmoore95@yandex.ru,Male,8/21/1989,Pau,64039 CEDEX,France
331,Rose,Cole,rcole96@redcross.org,Female,1/23/1984,Avignon,84033 CEDEX 3,France
332,Rebecca,Kelley,rkelley97@sciencedirect.com,Female,1/8/1992,Paris 13,75243 CEDEX 13,France
333,Diana,Stone,dstone98@behance.net,Female,5/21/1983,Créteil,94972 CEDEX 9,France
334,Paula,Harrison,pharrison99@slideshare.net,Female,1/16/1992,Nîmes,30910 CEDEX 2,France
335,Walter,Peterson,wpeterson9a@gravatar.com,Male,9/6/1984,Mulhouse,68069 CEDEX 2,France
336,Jason,Medina,jmedina9b@mtv.com,Male,3/17/1986,Bourges,18025 CEDEX,France
337,Robert,Garza,rgarza9c@moonfruit.com,Male,5/3/1985,Montpellier,34186 CEDEX 4,France
338,Lori,Webb,lwebb9d@aol.com,Female,1/2/1984,Besançon,25057 CEDEX,France
339,Eric,Long,elong9e@purevolume.com,Male,6/27/1986,Paris 09,75439 CEDEX 09,France
340,Kenneth,Martin,kmartin9f@etsy.com,Male,6/25/1985,Belfort,90020 CEDEX,France
341,Russell,Edwards,redwards9g@oaic.gov.au,Male,12/22/1984,Aubagne,13681 CEDEX,France
342,Phyllis,Mason,pmason9h@yellowbook.com,Female,6/17/1981,Maubeuge,59604 CEDEX,France
343,Brenda,Gutierrez,bgutierrez9i@qq.com,Female,1/15/1982,Lyon,69939 CEDEX 20,France
344,Betty,Snyder,bsnyder9j@purevolume.com,Female,4/2/1983,Paris 08,75367 CEDEX 08,France
345,Sean,Snyder,ssnyder9k@sphinn.com,Male,2/13/1992,Décines-Charpieu,69154 CEDEX,France
346,Denise,Johnston,djohnston9l@slate.com,Female,12/9/1986,Épinal,88099 CEDEX 9,France
347,Carlos,Chapman,cchapman9m@apple.com,Male,7/25/1980,Mirecourt,88504 CEDEX,France
348,Martin,Gutierrez,mgutierrez9n@webnode.com,Male,3/14/1991,Thiais,94657 CEDEX,France
349,Jennifer,Wheeler,jwheeler9o@rediff.com,Female,3/2/1984,La Motte-Servolex,73295 CEDEX,France
350,Harold,Austin,haustin9p@huffingtonpost.com,Male,4/9/1988,Parthenay,79204 CEDEX,France
351,Sharon,Hansen,shansen9q@liveinternet.ru,Female,9/17/1981,Tarbes,65004 CEDEX,France
352,Cynthia,Murphy,cmurphy9r@loc.gov,Female,6/4/1987,Paris 01,75038 CEDEX 01,France
353,Tina,Richardson,trichardson9s@hubpages.com,Female,6/22/1988,Belfort,90020 CEDEX,France
354,Catherine,Meyer,cmeyer9t@ftc.gov,Female,7/31/1988,Saint-Priest,69794 CEDEX,France
355,Joe,Taylor,jtaylor9u@archive.org,Male,7/18/1989,Nantes,44200,France
356,Albert,Harvey,aharvey9v@discuz.net,Male,4/21/1988,Dijon,21061 CEDEX,France
357,Paul,Allen,pallen9w@hubpages.com,Male,3/24/1981,Saverne,67704 CEDEX,France
358,Paul,Mitchell,pmitchell9x@cafepress.com,Male,12/30/1981,Arcueil,94745 CEDEX,France
359,Angela,Hawkins,ahawkins9y@prweb.com,Female,10/3/1982,La Charité-sur-Loire,58404 CEDEX,France
360,Katherine,Collins,kcollins9z@myspace.com,Female,11/2/1988,Lens,62335 CEDEX,France
361,Angela,Stephens,astephensa0@bing.com,Female,12/11/1988,Orléans,45947 CEDEX 9,France
362,Jeffrey,Chavez,jchaveza1@odnoklassniki.ru,Male,4/21/1986,Marseille,13253 CEDEX 06,France
363,Rebecca,Gray,rgraya2@utexas.edu,Female,1/20/1993,Décines-Charpieu,69154 CEDEX,France
364,Janice,Elliott,jelliotta3@buzzfeed.com,Female,11/29/1981,Chamalières,63409 CEDEX,France
365,Jason,Myers,jmyersa4@multiply.com,Male,9/5/1982,Valenciennes,59304 CEDEX,France
366,Larry,Parker,lparkera5@jugem.jp,Male,7/31/1987,Cergy-Pontoise,95072 CEDEX 1,France
367,Philip,Jacobs,pjacobsa6@e-recht24.de,Male,6/16/1990,Bordeaux,33911 CEDEX 9,France
368,Michelle,West,mwesta7@nydailynews.com,Female,8/5/1980,Marseille,13253 CEDEX 06,France
369,Joyce,Gutierrez,jgutierreza8@xrea.com,Female,1/24/1986,Draguignan,83300,France
370,Jesse,Green,jgreena9@com.com,Male,12/23/1987,Frontignan,34114 CEDEX,France
371,Kelly,Lawrence,klawrenceaa@netlog.com,Female,8/29/1986,Saint-Étienne-du-Rouvray,76804 CEDEX,France
372,Jesse,Cook,jcookab@chicagotribune.com,Male,7/25/1988,Paris 09,75434 CEDEX 09,France
373,Wayne,Kelly,wkellyac@google.ca,Male,3/17/1986,Saint-Ouen,93487 CEDEX,France
374,Judith,Larson,jlarsonad@youtu.be,Female,9/27/1984,Saint-Priest-en-Jarez,42275 CEDEX,France
375,Ernest,Sanders,esandersae@bigcartel.com,Male,12/31/1984,La Ferté-Bernard,72404 CEDEX,France
376,Wayne,Morrison,wmorrisonaf@artisteer.com,Male,6/5/1982,Saint-Péray,07139 CEDEX,France
377,Gregory,Myers,gmyersag@ifeng.com,Male,5/23/1982,Toulouse,31403 CEDEX 9,France
378,Randy,Hansen,rhansenah@archive.org,Male,12/16/1983,Saint-Quentin-en-Yvelines,78181 CEDEX,France
379,Cynthia,Richards,crichardsai@paypal.com,Female,10/8/1986,Paris 10,75464 CEDEX 10,France
380,Tina,Alexander,talexanderaj@va.gov,Female,8/17/1985,Saumur,49411 CEDEX,France
381,Harold,Murray,hmurrayak@bloomberg.com,Male,5/18/1991,Guyancourt,78045 CEDEX,France
382,Julie,Howell,jhowellal@infoseek.co.jp,Female,12/1/1982,Montpellier,34964 CEDEX 2,France
383,Thomas,Richardson,trichardsonam@mashable.com,Male,2/11/1985,Rennes,35704 CEDEX 7,France
384,Victor,Marshall,vmarshallan@umn.edu,Male,10/12/1990,Bastia,20292 CEDEX,France
385,Andrew,Hudson,ahudsonao@cbc.ca,Male,5/28/1991,Balma,31139 CEDEX,France
386,Bonnie,Palmer,bpalmerap@reverbnation.com,Female,2/19/1981,Nîmes,30910 CEDEX 2,France
387,Heather,Banks,hbanksaq@engadget.com,Female,1/26/1987,Niort,79021 CEDEX,France
388,Janice,Andrews,jandrewsar@businessinsider.com,Female,9/18/1990,Rezé,44409 CEDEX,France
389,Stephanie,Andrews,sandrewsas@cam.ac.uk,Female,9/22/1988,Sarlat-la-Canéda,24212 CEDEX,France
390,Ryan,Alexander,ralexanderat@weebly.com,Male,1/19/1993,Le Havre,76069 CEDEX,France
391,Matthew,Tucker,mtuckerau@sciencedaily.com,Male,6/10/1987,Marne-la-Vallée,77316 CEDEX 2,France
392,Eric,Davis,edavisav@naver.com,Male,10/1/1981,Saint-Égrève,38524 CEDEX,France
393,Julia,Burns,jburnsaw@cnbc.com,Female,2/17/1984,Montbrison,42604 CEDEX,France
394,Alice,Warren,awarrenax@mozilla.org,Female,9/20/1984,Palaiseau,91129 CEDEX,France
395,Margaret,Murray,mmurrayay@chron.com,Female,12/4/1989,Bourges,18934 CEDEX 9,France
396,Antonio,Roberts,arobertsaz@cocolog-nifty.com,Male,6/25/1984,Saint-Pierre-des-Corps,37705 CEDEX,France
397,Arthur,Stevens,astevensb0@shutterfly.com,Male,5/2/1980,Dijon,21083 CEDEX 9,France
398,Michelle,Fuller,mfullerb1@google.com.br,Female,5/3/1981,Creil,60315 CEDEX 5,France
399,Carol,Rivera,criverab2@ibm.com,Female,6/8/1992,Nantes,44302 CEDEX 3,France
400,Scott,Edwards,sedwardsb3@usatoday.com,Male,11/30/1985,Orléans,45063 CEDEX 2,France
401,Rose,Adams,radamsb4@amazon.com,Female,2/10/1985,Paris La Défense,92061 CEDEX,France
402,Raymond,Boyd,rboydb5@posterous.com,Male,6/11/1990,Roubaix,59073 CEDEX 1,France
403,Clarence,Brooks,cbrooksb6@sitemeter.com,Male,10/17/1982,Bordeaux,33050 CEDEX,France
404,Jeremy,Morrison,jmorrisonb7@cisco.com,Male,10/6/1980,Lyon,69464 CEDEX 06,France
405,Douglas,Kennedy,dkennedyb8@ftc.gov,Male,4/22/1982,Toulouse,31201 CEDEX 2,France
406,Dennis,Butler,dbutlerb9@creativecommons.org,Male,4/9/1989,Trélazé,49804 CEDEX,France
407,Phillip,Elliott,pelliottba@cmu.edu,Male,8/10/1985,Lunéville,54304 CEDEX,France
408,Teresa,Adams,tadamsbb@uiuc.edu,Female,11/22/1985,Paris 17,75808 CEDEX 17,France
409,Randy,Little,rlittlebc@miitbeian.gov.cn,Male,10/1/1983,Tours,37016 CEDEX 1,France
410,Elizabeth,Murray,emurraybd@flavors.me,Female,11/2/1989,Avignon,84902 CEDEX 9,France
411,Doris,Dixon,ddixonbe@printfriendly.com,Female,11/23/1990,Lons-le-Saunier,39029 CEDEX,France
412,Kelly,Wallace,kwallacebf@g.co,Female,2/5/1981,Paris 10,75464 CEDEX 10,France
413,George,Greene,ggreenebg@wiley.com,Male,3/27/1982,Saint-Brieuc,22042 CEDEX 2,France
414,Jean,Rose,jrosebh@mediafire.com,Female,1/13/1985,Rouen,76926 CEDEX 9,France
415,Dorothy,West,dwestbi@imageshack.us,Female,4/27/1991,Nantes,44958 CEDEX 9,France
416,Donald,Medina,dmedinabj@multiply.com,Male,11/2/1989,Cergy-Pontoise,95032 CEDEX,France
417,Daniel,Riley,drileybk@ted.com,Male,11/7/1989,Laval,53085 CEDEX 9,France
418,Betty,Ramos,bramosbl@webmd.com,Female,3/14/1987,La Roche-sur-Yon,85928 CEDEX 9,France
419,Marie,Torres,mtorresbm@mit.edu,Female,5/4/1988,Rennes,35076 CEDEX 9,France
420,Daniel,Rogers,drogersbn@google.com.au,Male,6/29/1980,Châteaudun,28205 CEDEX,France
421,Amy,Gutierrez,agutierrezbo@histats.com,Female,1/4/1987,Issy-les-Moulineaux,92139 CEDEX,France
422,Arthur,Tucker,atuckerbp@shutterfly.com,Male,5/24/1985,Clermont-Ferrand,63043 CEDEX 2,France
423,Norma,Hawkins,nhawkinsbq@qq.com,Female,6/10/1985,Le Chambon-Feugerolles,42505 CEDEX,France
424,Samuel,James,sjamesbr@ifeng.com,Male,12/10/1984,Saint-Rémy-de-Provence,13538 CEDEX,France
425,Andrea,Cole,acolebs@walmart.com,Female,11/3/1992,Fos-sur-Mer,13779 CEDEX,France
426,Donald,Fields,dfieldsbt@ft.com,Male,3/4/1988,Lyon,69907 CEDEX 20,France
427,Peter,Turner,pturnerbu@reference.com,Male,6/19/1980,Lyon,69939 CEDEX 20,France
428,Antonio,Jacobs,ajacobsbv@fastcompany.com,Male,9/12/1985,Lyon,69939 CEDEX 20,France
429,Philip,Cooper,pcooperbw@scientificamerican.com,Male,3/17/1986,Le Puy-en-Velay,43010 CEDEX,France
430,Terry,Reyes,treyesbx@cocolog-nifty.com,Male,4/13/1991,Avignon,84019 CEDEX 1,France
431,Shirley,Lawson,slawsonby@wix.com,Female,1/15/1991,Metz,57052 CEDEX 02,France
432,Randy,Carpenter,rcarpenterbz@blogspot.com,Male,11/1/1984,Besançon,25086 CEDEX 9,France
433,Frances,Williams,fwilliamsc0@spiegel.de,Female,6/3/1991,Roissy Charles-de-Gaulle,95933 CEDEX 2,France
434,Cynthia,Young,cyoungc1@cdc.gov,Female,12/6/1988,Limoges,87041 CEDEX 1,France
435,Thomas,Ray,trayc2@phpbb.com,Male,5/19/1984,Montpellier,34940 CEDEX 9,France
436,Brian,Gonzales,bgonzalesc3@craigslist.org,Male,5/20/1992,Limoges,87015 CEDEX 1,France
437,Walter,Fernandez,wfernandezc4@skype.com,Male,5/19/1988,La Ferté-Bernard,72404 CEDEX,France
438,Denise,Reynolds,dreynoldsc5@ow.ly,Female,7/12/1989,Toulon,83060 CEDEX,France
439,Eric,Brooks,ebrooksc6@loc.gov,Male,6/6/1986,Nancy,54046 CEDEX,France
440,Wayne,Lawrence,wlawrencec7@kickstarter.com,Male,3/29/1985,Saint-Ouen,93584 CEDEX,France
441,Robin,Griffin,rgriffinc8@bbb.org,Female,12/11/1988,Paris 09,75434 CEDEX 09,France
442,Ruby,Morris,rmorrisc9@spiegel.de,Female,12/5/1981,Ajaccio,20174 CEDEX 1,France
443,Bruce,Burke,bburkeca@home.pl,Male,10/30/1988,Bordeaux,33080 CEDEX,France
444,Rose,Turner,rturnercb@multiply.com,Female,12/22/1991,Trélissac,24758 CEDEX,France
445,Virginia,Wells,vwellscc@fc2.com,Female,5/2/1986,Mirecourt,88504 CEDEX,France
446,Patricia,Coleman,pcolemancd@china.com.cn,Female,12/31/1991,Tarbes,65004 CEDEX,France
447,Mary,Hanson,mhansonce@friendfeed.com,Female,3/8/1993,Colombes,92709 CEDEX,France
448,Margaret,Brooks,mbrookscf@cornell.edu,Female,7/2/1989,Troyes,10081 CEDEX,France
449,Julia,Robinson,jrobinsoncg@digg.com,Female,11/7/1986,Digne-les-Bains,04004 CEDEX,France
450,Denise,Clark,dclarkch@i2i.jp,Female,7/31/1980,Digne-les-Bains,04004 CEDEX,France
451,Deborah,Wood,dwoodci@cam.ac.uk,Female,7/20/1981,Cran-Gevrier,74964 CEDEX,France
452,Lois,Wagner,lwagnercj@smugmug.com,Female,3/20/1985,Obernai,67214 CEDEX,France
453,Amy,Riley,arileyck@godaddy.com,Female,5/26/1989,Marseille,13219 CEDEX 02,France
454,Margaret,Cook,mcookcl@npr.org,Female,9/10/1992,Montpellier,34194 CEDEX 5,France
455,Wanda,Weaver,wweavercm@w3.org,Female,4/18/1992,Nemours,77794 CEDEX,France
456,Sarah,Oliver,solivercn@vk.com,Female,5/18/1985,Mougins,06254 CEDEX,France
457,Thomas,Arnold,tarnoldco@constantcontact.com,Male,1/6/1981,Paris 19,75171 CEDEX 19,France
458,Martha,Taylor,mtaylorcp@webs.com,Female,1/23/1993,Nice,06306 CEDEX 4,France
459,Bonnie,Allen,ballencq@mtv.com,Female,7/29/1989,Périgny,17184 CEDEX,France
460,Kimberly,Griffin,kgriffincr@ucoz.ru,Female,8/14/1990,Paris 01,75100 CEDEX 01,France
461,Kelly,Shaw,kshawcs@businessinsider.com,Female,11/29/1988,Montreuil,93187 CEDEX,France
462,Teresa,Ryan,tryanct@rakuten.co.jp,Female,8/14/1985,Paris 15,75509 CEDEX 15,France
463,Pamela,White,pwhitecu@arstechnica.com,Female,8/27/1980,Caen,14030 CEDEX 4,France
464,Edward,Black,eblackcv@dailymotion.com,Male,2/14/1983,Orléans,45957 CEDEX 9,France
465,Irene,Knight,iknightcw@1und1.de,Female,10/2/1987,Guéret,23016 CEDEX,France
466,Joseph,Lawson,jlawsoncx@pinterest.com,Male,5/15/1984,Paris 19,75934 CEDEX 19,France
467,Russell,Palmer,rpalmercy@wordpress.org,Male,12/23/1982,Villefontaine,38096 CEDEX,France
468,Jacqueline,Carpenter,jcarpentercz@etsy.com,Female,7/28/1981,Montauban,82070 CEDEX,France
469,Phillip,Phillips,pphillipsd0@intel.com,Male,2/28/1985,Paris 12,75567 CEDEX 12,France
470,Susan,Smith,ssmithd1@newyorker.com,Female,8/26/1990,La Roche-sur-Yon,85009 CEDEX,France
471,Brian,Chavez,bchavezd2@domainmarket.com,Male,2/1/1986,Kingersheim,68264 CEDEX,France
472,Bobby,Moore,bmoored3@360.cn,Male,3/12/1991,Puget-sur-Argens,83484 CEDEX,France
473,Joyce,Black,jblackd4@google.es,Female,2/28/1982,Limeil-Brévannes,94454 CEDEX,France
474,Dennis,Lane,dlaned5@sitemeter.com,Male,12/6/1984,Mirecourt,88504 CEDEX,France
475,Tammy,Larson,tlarsond6@mtv.com,Female,8/20/1984,Paris 02,75096 CEDEX 02,France
476,Douglas,Murphy,dmurphyd7@tmall.com,Male,6/7/1980,Clermont-Ferrand,63057 CEDEX 1,France
477,Ernest,Turner,eturnerd8@typepad.com,Male,5/27/1986,Chelles,77504 CEDEX,France
478,Jacqueline,Meyer,jmeyerd9@alibaba.com,Female,10/27/1980,Bordeaux,33733 CEDEX 9,France
479,Patrick,Little,plittleda@usa.gov,Male,4/15/1992,Clisson,44194 CEDEX,France
480,Rose,Grant,rgrantdb@google.com.au,Female,5/23/1980,Paris 16,75220 CEDEX 16,France
481,Steve,Medina,smedinadc@list-manage.com,Male,8/23/1984,Aix-en-Provence,13792 CEDEX 3,France
482,Ronald,Alvarez,ralvarezdd@abc.net.au,Male,7/11/1985,Montbrison,42604 CEDEX,France
483,Judy,Wilson,jwilsonde@google.pl,Female,9/20/1990,Saint-Quentin-en-Yvelines,78925 CEDEX 9,France
484,Craig,Olson,colsondf@tuttocitta.it,Male,2/19/1992,Avallon,89204 CEDEX,France
485,Jimmy,Rivera,jriveradg@va.gov,Male,3/23/1992,Nogent-sur-Marne,94734 CEDEX,France
486,Frank,Richardson,frichardsondh@mediafire.com,Male,12/19/1985,Avallon,89204 CEDEX,France
487,Diana,Price,dpricedi@cnet.com,Female,4/12/1988,Cergy-Pontoise,95304 CEDEX,France
488,Jessica,Mendoza,jmendozadj@nba.com,Female,4/12/1987,Ivry-sur-Seine,94852 CEDEX,France
489,Phillip,Reed,preeddk@people.com.cn,Male,1/2/1982,Caen,14074 CEDEX 5,France
490,Eugene,Green,egreendl@ehow.com,Male,3/21/1986,Castelnaudary,11493 CEDEX,France
491,Catherine,Collins,ccollinsdm@nymag.com,Female,11/14/1988,Rungis,94525 CEDEX 1,France
492,William,Wilson,wwilsondn@si.edu,Male,10/6/1984,Saint-Rémy-de-Provence,13538 CEDEX,France
493,Maria,Martin,mmartindo@multiply.com,Female,11/12/1986,Massy,91304 CEDEX,France
494,Carlos,Bailey,cbaileydp@nifty.com,Male,4/10/1992,Puteaux,92804 CEDEX,France
495,Carolyn,Sanders,csandersdq@twitter.com,Female,11/4/1989,Neuilly-sur-Seine,92527 CEDEX,France
496,Michelle,Ross,mrossdr@timesonline.co.uk,Female,3/10/1985,Ploemeur,56274 CEDEX,France
497,Barbara,Sanchez,bsanchezds@delicious.com,Female,1/17/1984,Paris 13,75659 CEDEX 13,France
498,Kathy,Montgomery,kmontgomerydt@wp.com,Female,3/10/1986,Rennes,35022 CEDEX 2,France
499,Dennis,Spencer,dspencerdu@chron.com,Male,8/3/1987,Aubenas,07204 CEDEX,France
500,Roy,Hughes,rhughesdv@jiathis.com,Male,1/16/1993,Toulon,83077 CEDEX 9,France
501,Judith,Howard,jhowarddw@delicious.com,Female,12/31/1988,Périgueux,24053 CEDEX,France
502,Stephanie,Cox,scoxdx@bandcamp.com,Female,8/4/1982,Bayonne,64109 CEDEX,France
503,Billy,Johnston,bjohnstondy@qq.com,Male,8/26/1985,Tarbes,65004 CEDEX,France
504,Joe,King,jkingdz@hud.gov,Male,6/14/1983,Paris 10,75485 CEDEX 10,France
505,Victor,Morales,vmoralese0@bandcamp.com,Male,1/4/1990,Le Mans,72052 CEDEX 2,France
506,Carolyn,Carroll,ccarrolle1@narod.ru,Female,9/2/1983,Évreux,27095 CEDEX 9,France
507,Shawn,Evans,sevanse2@ning.com,Male,11/29/1985,Nanterre,92885 CEDEX 9,France
508,Ronald,Allen,rallene3@slate.com,Male,3/20/1992,Toulouse,31019 CEDEX 2,France
509,Russell,Reyes,rreyese4@cnbc.com,Male,7/31/1988,Romilly-sur-Seine,10104 CEDEX,France
510,Billy,Little,blittlee5@yahoo.com,Male,12/5/1980,Grenoble,38030 CEDEX 2,France
511,George,Martinez,gmartineze6@techcrunch.com,Male,6/10/1987,Puget-sur-Argens,83484 CEDEX,France
512,Steven,West,sweste7@hibu.com,Male,8/18/1985,Créteil,94009 CEDEX,France
513,Paul,Garza,pgarzae8@tuttocitta.it,Male,1/8/1985,Orléans,45016 CEDEX 1,France
514,Donald,Day,ddaye9@economist.com,Male,12/22/1987,Le Havre,76086 CEDEX,France
515,Joseph,James,jjamesea@qq.com,Male,11/24/1992,Sablé-sur-Sarthe,72304 CEDEX,France
516,Edward,Crawford,ecrawfordeb@hibu.com,Male,1/25/1990,Alfortville,94149 CEDEX,France
517,Eugene,Hart,ehartec@nymag.com,Male,11/29/1980,Caen,14085 CEDEX 9,France
518,Beverly,Ruiz,bruized@smugmug.com,Female,10/9/1988,Montauban,82004 CEDEX,France
519,Chris,Daniels,cdanielsee@admin.ch,Male,2/19/1983,Fécamp,76404 CEDEX,France
520,Kenneth,Mccoy,kmccoyef@fotki.com,Male,7/31/1980,Sainte-Luce-sur-Loire,44984 CEDEX,France
521,Adam,Snyder,asnydereg@clickbank.net,Male,1/26/1991,Roissy Charles-de-Gaulle,95719 CEDEX 1,France
522,Kenneth,Peters,kpeterseh@hp.com,Male,12/14/1985,Puteaux,92822 CEDEX,France
523,Adam,Wheeler,awheelerei@bbb.org,Male,3/20/1981,Annecy,74004 CEDEX,France
524,Anna,Porter,aporterej@delicious.com,Female,5/25/1980,Tournan-en-Brie,77224 CEDEX,France
525,Dorothy,Foster,dfosterek@cisco.com,Female,12/6/1988,Paris 06,75280 CEDEX 06,France
526,Denise,Grant,dgrantel@google.com.hk,Female,12/28/1984,Perpignan,66013 CEDEX 9,France
527,Sean,Diaz,sdiazem@altervista.org,Male,7/7/1985,Moissy-Cramayel,77554 CEDEX,France
528,Ruby,Stone,rstoneen@clickbank.net,Female,2/21/1990,Marne-la-Vallée,77427 CEDEX 2,France
529,Gloria,Lynch,glyncheo@chron.com,Female,12/22/1991,Vanves,92179 CEDEX,France
530,Angela,Arnold,aarnoldep@devhub.com,Female,10/5/1992,Saint-Ouen,93584 CEDEX,France
531,Roy,Morales,rmoraleseq@ning.com,Male,1/20/1982,Ajaccio,20184 CEDEX 1,France
532,Jeremy,Martin,jmartiner@netvibes.com,Male,7/21/1985,Le Mans,72004 CEDEX 1,France
533,Jennifer,Berry,jberryes@scribd.com,Female,7/27/1980,Rueil-Malmaison,92504 CEDEX,France
534,Paul,Crawford,pcrawfordet@wired.com,Male,4/10/1988,Alençon,61015 CEDEX,France
535,Anne,Holmes,aholmeseu@jigsy.com,Female,12/13/1988,Vierzon,18104 CEDEX,France
536,Marie,Elliott,melliottev@usgs.gov,Female,5/5/1981,Montargis,45204 CEDEX,France
537,Diane,Stanley,dstanleyew@posterous.com,Female,10/9/1981,Rennes,35203 CEDEX 2,France
538,Kelly,Ray,krayex@4shared.com,Female,12/20/1987,Valenciennes,59304 CEDEX,France
539,Philip,Rice,priceey@histats.com,Male,3/25/1985,Montceau-les-Mines,71309 CEDEX,France
540,Andrea,Lawson,alawsonez@jigsy.com,Female,3/10/1982,Saint-Julien-en-Genevois,74164 CEDEX,France
541,Ruth,Moreno,rmorenof0@umich.edu,Female,8/30/1980,Nancy,54009 CEDEX,France
542,Eric,Howard,ehowardf1@earthlink.net,Male,7/30/1981,Nanterre,92742 CEDEX,France
543,Frances,Johnston,fjohnstonf2@blogger.com,Female,1/4/1983,Mundolsheim,67454 CEDEX,France
544,Timothy,Brooks,tbrooksf3@yale.edu,Male,6/1/1986,Arras,62036 CEDEX,France
545,Jerry,Bell,jbellf4@ca.gov,Male,3/14/1982,Neuilly-sur-Seine,92521 CEDEX,France
546,Marie,Mcdonald,mmcdonaldf5@cornell.edu,Female,4/4/1985,Pamiers,09104 CEDEX,France
547,Elizabeth,Stewart,estewartf6@foxnews.com,Female,10/15/1983,Meudon,92195 CEDEX,France
548,Ronald,Lawson,rlawsonf7@studiopress.com,Male,3/5/1986,Reims,51715 CEDEX,France
549,Sean,Franklin,sfranklinf8@tripod.com,Male,1/1/1985,Quimper,29551 CEDEX 9,France
550,Brandon,Foster,bfosterf9@ox.ac.uk,Male,9/23/1988,Beauvais,60006 CEDEX,France
551,Walter,Stephens,wstephensfa@pen.io,Male,10/18/1991,Saint-Quentin-en-Yvelines,78067 CEDEX,France
552,Ernest,Morgan,emorganfb@opensource.org,Male,7/11/1981,Saint-Marcellin,38164 CEDEX,France
553,Jason,Anderson,jandersonfc@merriam-webster.com,Male,12/18/1982,Paris 07,75321 CEDEX 07,France
554,Rose,Watson,rwatsonfd@jimdo.com,Female,9/28/1982,Paris 05,75240 CEDEX 05,France
555,Jonathan,Rose,jrosefe@newsvine.com,Male,2/28/1990,Paris 02,75075 CEDEX 02,France
556,Denise,George,dgeorgeff@mit.edu,Female,9/18/1987,Nîmes,30006 CEDEX 4,France
557,Ashley,Rivera,ariverafg@youku.com,Female,12/18/1989,Saint-Étienne,42055 CEDEX 2,France
558,Donna,Hernandez,dhernandezfh@microsoft.com,Female,12/31/1982,Eybens,38327 CEDEX,France
559,Maria,Johnson,mjohnsonfi@quantcast.com,Female,6/18/1988,Aulnay-sous-Bois,93604 CEDEX,France
560,Andrew,Schmidt,aschmidtfj@macromedia.com,Male,5/28/1988,Le Mans,72052 CEDEX 2,France
561,Eric,Romero,eromerofk@canalblog.com,Male,6/1/1981,Dijon,21083 CEDEX 9,France
562,Jimmy,Cruz,jcruzfl@chron.com,Male,11/20/1987,Dijon,21061 CEDEX,France
563,Marie,Arnold,marnoldfm@stanford.edu,Female,12/13/1980,La Courneuve,93126 CEDEX,France
564,Craig,Hudson,chudsonfn@netscape.com,Male,2/14/1993,Pont-à-Mousson,54704 CEDEX,France
565,Earl,Wilson,ewilsonfo@live.com,Male,9/6/1990,Auch,32004 CEDEX,France
566,Matthew,Warren,mwarrenfp@umich.edu,Male,2/12/1991,Saint-Gratien,95219 CEDEX,France
567,Nancy,Powell,npowellfq@imgur.com,Female,10/26/1989,La Talaudière,42355 CEDEX,France
568,Patrick,Hart,phartfr@vistaprint.com,Male,8/6/1991,Paris 06,75280 CEDEX 06,France
569,Kelly,Long,klongfs@businessweek.com,Female,11/12/1981,Clermont-Ferrand,63032 CEDEX 9,France
570,Jacqueline,Andrews,jandrewsft@amazon.com,Female,7/13/1983,Lescar,64234 CEDEX,France
571,Helen,Sanders,hsandersfu@networkadvertising.org,Female,7/22/1992,Troyes,10081 CEDEX,France
572,Samuel,Hunt,shuntfv@usda.gov,Male,5/14/1980,Lacroix-Saint-Ouen,60618 CEDEX,France
573,Linda,Moore,lmoorefw@php.net,Female,4/10/1987,Marseille,13907 CEDEX 20,France
574,Eugene,Watkins,ewatkinsfx@netscape.com,Male,2/16/1990,Paris 08,75367 CEDEX 08,France
575,Angela,Edwards,aedwardsfy@auda.org.au,Female,8/23/1987,Manosque,04104 CEDEX,France
576,Paul,Reynolds,preynoldsfz@thetimes.co.uk,Male,8/31/1987,Chelles,77504 CEDEX,France
577,Brenda,Hicks,bhicksg0@soup.io,Female,7/20/1989,La Plaine-Saint-Denis,93571 CEDEX,France
578,Ruth,Matthews,rmatthewsg1@amazon.co.uk,Female,8/17/1981,Val-de-Reuil,27109 CEDEX,France
579,Teresa,Martin,tmarting2@exblog.jp,Female,6/27/1985,Élancourt,78990,France
580,Mark,Shaw,mshawg3@newyorker.com,Male,3/23/1992,La Tour-du-Pin,38354 CEDEX,France
581,Teresa,Grant,tgrantg4@wikispaces.com,Female,5/18/1980,Amiens,80048 CEDEX 1,France
582,Phillip,Edwards,pedwardsg5@xrea.com,Male,12/11/1982,La Valette-du-Var,83164 CEDEX,France
583,Anne,Graham,agrahamg6@buzzfeed.com,Female,3/12/1988,Créteil,94946 CEDEX 9,France
584,Denise,Hawkins,dhawkinsg7@google.co.uk,Female,6/29/1989,Pau,64039 CEDEX,France
585,Frank,Hart,fhartg8@tuttocitta.it,Male,11/11/1985,Chenôve,21304 CEDEX,France
586,Douglas,White,dwhiteg9@narod.ru,Male,2/7/1989,Roubaix,59073 CEDEX 1,France
587,Gary,Willis,gwillisga@so-net.ne.jp,Male,7/6/1982,Sarlat-la-Canéda,24212 CEDEX,France
588,Evelyn,Ortiz,eortizgb@sogou.com,Female,7/19/1990,Longwy,54412 CEDEX,France
589,Lillian,Sanchez,lsanchezgc@huffingtonpost.com,Female,5/11/1991,Bar-le-Duc,55013 CEDEX,France
590,Sara,Daniels,sdanielsgd@w3.org,Female,5/11/1991,Bordeaux,33090 CEDEX,France
591,Ann,Johnston,ajohnstonge@surveymonkey.com,Female,11/11/1992,Montpellier,34058 CEDEX 1,France
592,Arthur,Ford,afordgf@hostgator.com,Male,12/17/1982,Arles,13637 CEDEX,France
593,Steve,Day,sdaygg@shop-pro.jp,Male,1/6/1990,Paris 15,75737 CEDEX 15,France
594,Samuel,Dunn,sdunngh@google.co.jp,Male,5/1/1991,Saint-Quentin-en-Yvelines,78093 CEDEX 9,France
595,Howard,Carr,hcarrgi@spotify.com,Male,8/29/1982,Poitiers,86054 CEDEX 9,France
596,Brian,Lee,bleegj@photobucket.com,Male,8/28/1991,Mont-de-Marsan,40025 CEDEX,France
597,Jane,Howard,jhowardgk@yahoo.com,Female,7/2/1983,Limoges,87030 CEDEX 1,France
598,Stephen,Hansen,shansengl@ehow.com,Male,4/2/1985,Paris 20,75971 CEDEX 20,France
599,Angela,Lewis,alewisgm@de.vu,Female,8/23/1982,Lons-le-Saunier,39029 CEDEX,France
600,Phyllis,Gardner,pgardnergn@cnn.com,Female,12/15/1990,Neuilly-sur-Marne,93335 CEDEX,France
601,Jason,Webb,jwebbgo@sourceforge.net,Male,7/12/1988,Bourges,18013 CEDEX,France
602,Carolyn,Thomas,cthomasgp@taobao.com,Female,8/2/1990,Nancy,54009 CEDEX,France
603,Alice,Dixon,adixongq@prnewswire.com,Female,9/27/1982,Lyon,69212 CEDEX 03,France
604,Maria,Graham,mgrahamgr@nationalgeographic.com,Female,2/19/1993,Bondoufle,91077 CEDEX,France
605,Frances,Williamson,fwilliamsongs@posterous.com,Female,4/19/1986,Le Mans,72080 CEDEX 9,France
606,Kimberly,Walker,kwalkergt@google.it,Female,8/15/1985,Clamart,92144 CEDEX,France
607,Billy,Wright,bwrightgu@goodreads.com,Male,12/13/1985,Crépy-en-Valois,60804 CEDEX,France
608,Tammy,Lewis,tlewisgv@sakura.ne.jp,Female,1/24/1991,Nîmes,30910 CEDEX 2,France
609,Roy,Murray,rmurraygw@hao123.com,Male,9/24/1984,Montélimar,26209 CEDEX,France
610,Jason,Nichols,jnicholsgx@sina.com.cn,Male,5/1/1988,Nice,06009 CEDEX 1,France
611,Helen,Simmons,hsimmonsgy@hibu.com,Female,2/24/1986,Privas,07004 CEDEX,France
612,George,Foster,gfostergz@ucoz.ru,Male,10/14/1987,Beauvais,60006 CEDEX,France
613,Frank,Morrison,fmorrisonh0@google.com,Male,11/15/1980,Paris 16,75215 CEDEX 16,France
614,Ryan,Burns,rburnsh1@privacy.gov.au,Male,4/26/1987,Poligny,39804 CEDEX,France
615,Juan,Ford,jfordh2@nyu.edu,Male,5/20/1981,Le Mans,72100,France
616,Lillian,Powell,lpowellh3@wordpress.com,Female,3/13/1982,Lomme,59463 CEDEX,France
617,Marie,James,mjamesh4@wikipedia.org,Female,1/6/1988,Creil,60922 CEDEX 9,France
618,Ernest,Lawson,elawsonh5@plala.or.jp,Male,2/27/1988,Nanterre,92024 CEDEX,France
619,Harold,Daniels,hdanielsh6@ed.gov,Male,5/8/1981,Bagnères-de-Bigorre,65204 CEDEX,France
620,George,Carter,gcarterh7@icq.com,Male,1/23/1986,Carpentras,84204 CEDEX,France
621,Raymond,Perkins,rperkinsh8@cmu.edu,Male,3/5/1982,Wasquehal,59449 CEDEX,France
622,Michael,Jenkins,mjenkinsh9@xrea.com,Male,10/4/1985,Rouen,76926 CEDEX 9,France
623,Janet,Pierce,jpierceha@printfriendly.com,Female,6/19/1984,Yvetot,76194 CEDEX,France
624,Steven,Duncan,sduncanhb@dailymotion.com,Male,1/16/1984,Meaux,77104 CEDEX,France
625,Louis,Romero,lromerohc@howstuffworks.com,Male,11/9/1983,Nuits-Saint-Georges,21704 CEDEX,France
626,Patrick,Meyer,pmeyerhd@amazon.co.uk,Male,2/20/1984,Argenteuil,95109 CEDEX,France
627,Robert,Moreno,rmorenohe@nifty.com,Male,8/2/1983,Limoges,87090 CEDEX 9,France
628,Judy,Webb,jwebbhf@usnews.com,Female,4/14/1985,Grenoble,38066 CEDEX 2,France
629,Julie,Austin,jaustinhg@com.com,Female,4/10/1990,Noailles,60434 CEDEX,France
630,Denise,Williams,dwilliamshh@stumbleupon.com,Female,4/10/1988,Reims,51054 CEDEX,France
631,Steve,Howell,showellhi@army.mil,Male,10/21/1982,Albi,81028 CEDEX 9,France
632,Sharon,Harris,sharrishj@yellowpages.com,Female,12/25/1989,Aime,73216 CEDEX,France
633,Bobby,Hanson,bhansonhk@indiatimes.com,Male,2/15/1982,Paris La Défense,92036 CEDEX,France
634,Victor,Daniels,vdanielshl@imdb.com,Male,3/31/1985,Cergy-Pontoise,95032 CEDEX,France
635,Jennifer,Adams,jadamshm@zimbio.com,Female,12/7/1983,Albi,81017 CEDEX 9,France
636,Ruby,Kelly,rkellyhn@unblog.fr,Female,8/11/1983,Maisons-Alfort,94704 CEDEX,France
637,Rachel,Williams,rwilliamsho@blogspot.com,Female,7/29/1983,Cergy-Pontoise,95072 CEDEX 1,France
638,Gerald,Diaz,gdiazhp@wordpress.org,Male,11/7/1980,Clermont-Ferrand,63019 CEDEX 2,France
639,Stephanie,Bennett,sbennetthq@goo.ne.jp,Female,2/16/1990,Levallois-Perret,92691 CEDEX,France
640,Jerry,Lynch,jlynchhr@hibu.com,Male,2/6/1982,Paris La Défense,92061 CEDEX,France
641,Irene,Moore,imoorehs@amazon.de,Female,10/15/1990,Rennes,35022 CEDEX 2,France
642,Henry,Harvey,hharveyht@yahoo.com,Male,4/15/1990,Avignon,84042 CEDEX 9,France
643,Johnny,Hughes,jhugheshu@hc360.com,Male,7/29/1989,Gif-sur-Yvette,91194 CEDEX,France
644,Brandon,Ruiz,bruizhv@mashable.com,Male,8/22/1985,Blois,41919 CEDEX 9,France
645,Frances,Long,flonghw@xinhuanet.com,Female,11/13/1990,Apt,84404 CEDEX,France
646,Edward,Willis,ewillishx@delicious.com,Male,12/17/1991,Strasbourg,67039 CEDEX 2,France
647,Kelly,Gilbert,kgilberthy@myspace.com,Female,8/18/1982,Paris 03,75151 CEDEX 03,France
648,Diane,Bell,dbellhz@tripod.com,Female,9/11/1992,Paris 03,75139 CEDEX 03,France
649,Jane,Brown,jbrowni0@over-blog.com,Female,1/5/1993,Créteil,94946 CEDEX 9,France
650,Robert,Williamson,rwilliamsoni1@tmall.com,Male,9/22/1980,Mundolsheim,67454 CEDEX,France
651,Keith,Kim,kkimi2@house.gov,Male,1/29/1984,Marseille,13327 CEDEX 15,France
652,Jimmy,Olson,jolsoni3@t-online.de,Male,6/8/1983,Sophia Antipolis,06905 CEDEX,France
653,Keith,Murphy,kmurphyi4@list-manage.com,Male,4/4/1981,Baume-les-Dames,25117 CEDEX,France
654,Craig,Smith,csmithi5@google.co.uk,Male,10/16/1987,Lyon,69907 CEDEX 20,France
655,Denise,Fields,dfieldsi6@cbsnews.com,Female,9/24/1984,Colombes,92709 CEDEX,France
656,Paula,Flores,pfloresi7@artisteer.com,Female,7/31/1989,Fécamp,76404 CEDEX,France
657,Sara,Boyd,sboydi8@networkadvertising.org,Female,2/3/1992,Caen,14085 CEDEX 9,France
658,Mary,Lee,mleei9@plala.or.jp,Female,6/2/1982,Hénin-Beaumont,62254 CEDEX,France
659,Daniel,Sanders,dsandersia@rambler.ru,Male,12/7/1981,Besançon,25045 CEDEX,France
660,Helen,Black,hblackib@tinypic.com,Female,6/12/1986,Épinal,88009 CEDEX,France
661,Norma,Mccoy,nmccoyic@g.co,Female,10/23/1990,Pantin,93691 CEDEX,France
662,Antonio,Baker,abakerid@mozilla.org,Male,9/28/1987,Nantes,44958 CEDEX 9,France
663,Kenneth,Warren,kwarrenie@fotki.com,Male,3/17/1986,Cergy-Pontoise,95092 CEDEX,France
664,Louis,Butler,lbutlerif@about.com,Male,7/26/1988,Rezé,44409 CEDEX,France
665,Sara,Wright,swrightig@friendfeed.com,Female,11/1/1982,Clermont-Ferrand,63032 CEDEX 9,France
666,Steven,Coleman,scolemanih@cam.ac.uk,Male,12/28/1990,Poissy,78304 CEDEX,France
667,David,Thomas,dthomasii@360.cn,Male,11/21/1989,Lyon,69362 CEDEX 07,France
668,Frank,Perkins,fperkinsij@google.nl,Male,8/21/1989,Le Havre,76059 CEDEX,France
669,Benjamin,Gray,bgrayik@soundcloud.com,Male,12/28/1985,Saint-Gratien,95219 CEDEX,France
670,Antonio,Holmes,aholmesil@sohu.com,Male,3/23/1987,Épinal,88099 CEDEX 9,France
671,Barbara,Harrison,bharrisonim@spotify.com,Female,8/24/1983,Carquefou,44474 CEDEX,France
672,Jimmy,Mccoy,jmccoyin@csmonitor.com,Male,11/27/1988,Orléans,45922 CEDEX 9,France
673,Kathleen,Lee,kleeio@dedecms.com,Female,12/25/1981,Villeurbanne,69604 CEDEX,France
674,Anne,Kelley,akelleyip@nyu.edu,Female,5/9/1990,Castelsarrasin,82104 CEDEX,France
675,Frank,Daniels,fdanielsiq@bravesites.com,Male,2/28/1989,Nevers,58004 CEDEX,France
676,Eric,Chapman,echapmanir@jimdo.com,Male,1/21/1981,Paris 15,75756 CEDEX 15,France
677,Jose,Mason,jmasonis@bbc.co.uk,Male,5/19/1991,Maisons-Laffitte,78604 CEDEX,France
678,Janice,Ray,jrayit@123-reg.co.uk,Female,4/17/1988,Vesoul,70030 CEDEX,France
679,Kathleen,Robinson,krobinsoniu@wordpress.org,Female,12/14/1990,Levallois-Perret,92684 CEDEX,France
680,John,Foster,jfosteriv@desdev.cn,Male,2/25/1988,Montpellier,34964 CEDEX 2,France
681,Carlos,Adams,cadamsiw@unc.edu,Male,7/17/1984,Saint-Priest,69794 CEDEX,France
682,Julie,James,jjamesix@illinois.edu,Female,7/16/1981,Miribel,26350,France
683,Judith,Mcdonald,jmcdonaldiy@yellowpages.com,Female,4/18/1985,Guyancourt,78280,France
684,Randy,Mills,rmillsiz@amazon.co.jp,Male,4/1/1989,Saint-Herblain,44815 CEDEX,France
685,Deborah,Wells,dwellsj0@joomla.org,Female,4/12/1981,Coulommiers,77529 CEDEX,France
686,Harold,Burton,hburtonj1@dailymail.co.uk,Male,2/12/1984,Évry,91024 CEDEX,France
687,Sharon,Ferguson,sfergusonj2@merriam-webster.com,Female,2/11/1982,Mont-Saint-Aignan,76821 CEDEX,France
688,Daniel,Austin,daustinj3@salon.com,Male,5/12/1992,Caen,14008 CEDEX 1,France
689,Donna,Willis,dwillisj4@examiner.com,Female,5/11/1989,Cavaillon,84309 CEDEX,France
690,Joshua,Thompson,jthompsonj5@twitter.com,Male,9/2/1987,Orsay,91851 CEDEX,France
691,Mark,Hunt,mhuntj6@ocn.ne.jp,Male,7/19/1982,Paris 14,75699 CEDEX 14,France
692,Stephen,Mills,smillsj7@sourceforge.net,Male,1/6/1988,Nanterre,92892 CEDEX 9,France
693,Pamela,Scott,pscottj8@surveymonkey.com,Female,7/8/1983,Montaigu,85614 CEDEX,France
694,Cynthia,Banks,cbanksj9@cmu.edu,Female,8/23/1987,Nanterre,92892 CEDEX 9,France
695,Alan,Lawson,alawsonja@wiley.com,Male,6/10/1991,Paris 17,75832 CEDEX 17,France
696,Kimberly,Hudson,khudsonjb@craigslist.org,Female,2/6/1984,Narbonne,11104 CEDEX,France
697,Donald,Garcia,dgarciajc@home.pl,Male,11/19/1983,Le Mans,72015 CEDEX 2,France
698,Mildred,Jenkins,mjenkinsjd@mlb.com,Female,8/13/1984,Saint-Quentin-en-Yvelines,78061 CEDEX,France
699,Anthony,Anderson,aandersonje@cornell.edu,Male,4/13/1986,Niort,79072 CEDEX 9,France
700,Mary,Harvey,mharveyjf@pinterest.com,Female,11/11/1982,Puteaux,92822 CEDEX,France
701,Timothy,Fox,tfoxjg@home.pl,Male,3/20/1990,Ajaccio,20195 CEDEX 1,France
702,Sara,Nguyen,snguyenjh@google.ru,Female,8/26/1981,La Rochelle,17014 CEDEX 1,France
703,Eugene,West,ewestji@paginegialle.it,Male,5/23/1987,Niort,79083 CEDEX 9,France
704,John,Torres,jtorresjj@gov.uk,Male,7/28/1984,Strasbourg,67961 CEDEX 9,France
705,Larry,Hunter,lhunterjk@chicagotribune.com,Male,7/5/1992,Abbeville,80104 CEDEX,France
706,Nicole,Long,nlongjl@hubpages.com,Female,6/20/1988,Saint-Amand-les-Eaux,59734 CEDEX,France
707,Michael,Cunningham,mcunninghamjm@acquirethisname.com,Male,12/13/1985,Clichy,92613 CEDEX,France
708,Adam,Banks,abanksjn@nps.gov,Male,3/6/1989,Évry,91982 CEDEX 9,France
709,Sarah,Cox,scoxjo@newsvine.com,Female,10/21/1987,Montesson,78364 CEDEX,France
710,Samuel,Hill,shilljp@vk.com,Male,6/10/1989,Moret-sur-Loing,77815 CEDEX,France
711,Carlos,Fields,cfieldsjq@desdev.cn,Male,1/17/1985,Argenteuil,95109 CEDEX,France
712,Paula,Harvey,pharveyjr@google.pl,Female,9/17/1992,Brétigny-sur-Orge,91229 CEDEX,France
713,Eugene,Nelson,enelsonjs@mtv.com,Male,10/19/1991,Agen,47923 CEDEX 9,France
714,Martha,Murray,mmurrayjt@creativecommons.org,Female,11/3/1991,Marly,57155,France
715,Teresa,Daniels,tdanielsju@dagondesign.com,Female,9/17/1984,Ivry-sur-Seine,94852 CEDEX,France
716,Ashley,Hicks,ahicksjv@jigsy.com,Female,5/11/1987,Rennes,35914 CEDEX 9,France
717,Michelle,Romero,mromerojw@slideshare.net,Female,7/28/1984,Besançon,25014 CEDEX,France
718,Evelyn,Gardner,egardnerjx@cmu.edu,Female,4/13/1987,Forbach,57609 CEDEX,France
719,Matthew,Cooper,mcooperjy@topsy.com,Male,4/12/1990,La Rochelle,17024 CEDEX 1,France
720,Diane,Warren,dwarrenjz@opensource.org,Female,7/22/1990,Saint-Lô,50009 CEDEX,France
721,Kevin,Fowler,kfowlerk0@cmu.edu,Male,5/31/1992,Martigues,13503 CEDEX,France
722,Matthew,Roberts,mrobertsk1@amazon.com,Male,4/7/1992,La Courneuve,93126 CEDEX,France
723,Jonathan,Freeman,jfreemank2@163.com,Male,10/22/1988,Annecy,74999 CEDEX 9,France
724,Pamela,Stone,pstonek3@bravesites.com,Female,8/9/1990,Villeneuve-sur-Lot,47304 CEDEX,France
725,Benjamin,Campbell,bcampbellk4@usnews.com,Male,6/29/1984,Montrouge,92545 CEDEX,France
726,Michelle,Shaw,mshawk5@multiply.com,Female,7/13/1985,Chelles,77504 CEDEX,France
727,Mary,Shaw,mshawk6@hubpages.com,Female,3/14/1985,Digne-les-Bains,04004 CEDEX,France
728,James,Simpson,jsimpsonk7@dailymotion.com,Male,7/19/1980,Golbey,88194 CEDEX,France
729,Earl,Marshall,emarshallk8@google.ru,Male,1/27/1984,Beauvais,60006 CEDEX,France
730,Jane,Willis,jwillisk9@thetimes.co.uk,Female,4/23/1990,Le Raincy,93344 CEDEX,France
731,Evelyn,Sullivan,esullivanka@bluehost.com,Female,11/1/1982,Brie-Comte-Robert,77254 CEDEX,France
732,Cheryl,Richards,crichardskb@reference.com,Female,8/24/1980,Beaune,21209 CEDEX,France
733,Donna,Young,dyoungkc@about.com,Female,8/27/1984,Metz,57052 CEDEX 02,France
734,Cynthia,Kelly,ckellykd@harvard.edu,Female,9/10/1985,Paris 11,75128 CEDEX 11,France
735,Ronald,Cunningham,rcunninghamke@comsenz.com,Male,6/20/1992,Villeurbanne,69624 CEDEX,France
736,Jeffrey,Day,jdaykf@edublogs.org,Male,12/27/1989,Vienne,38219 CEDEX,France
737,Jose,Garrett,jgarrettkg@g.co,Male,10/26/1985,Mont-de-Marsan,40013 CEDEX,France
738,Kathleen,Kelly,kkellykh@sciencedaily.com,Female,8/26/1988,Deauville,14804 CEDEX,France
739,Michael,Moreno,mmorenoki@dot.gov,Male,9/19/1987,Arcueil,94114 CEDEX,France
740,Evelyn,Armstrong,earmstrongkj@shinystat.com,Female,11/23/1986,Lorient,56109 CEDEX,France
741,Ronald,Fuller,rfullerkk@youtu.be,Male,6/1/1985,Paris 12,75562 CEDEX 12,France
742,Marilyn,Simpson,msimpsonkl@weebly.com,Female,9/30/1986,Paris 15,75712 CEDEX 15,France
743,Sarah,Moore,smoorekm@skype.com,Female,9/6/1990,Albi,81028 CEDEX 9,France
744,Beverly,Foster,bfosterkn@forbes.com,Female,6/19/1983,Marseille,13192 CEDEX 20,France
745,Christina,Schmidt,cschmidtko@sina.com.cn,Female,11/9/1982,Vannes,56004 CEDEX,France
746,Todd,Andrews,tandrewskp@state.tx.us,Male,9/20/1986,Pantin,93504 CEDEX,France
747,Irene,Stanley,istanleykq@4shared.com,Female,8/12/1988,Haguenau,67504 CEDEX,France
748,Robin,Foster,rfosterkr@reddit.com,Female,12/13/1992,Évry,91982 CEDEX 9,France
749,Eugene,Collins,ecollinsks@youtu.be,Male,5/31/1989,Châteauroux,36019 CEDEX,France
750,Lori,Knight,lknightkt@baidu.com,Female,8/7/1986,Blois,41976 CEDEX 9,France
751,Anna,Moore,amooreku@furl.net,Female,11/3/1983,Saint-Denis,93209 CEDEX,France
752,Daniel,Russell,drussellkv@ovh.net,Male,8/19/1989,Vincennes,94309 CEDEX,France
753,Russell,Reid,rreidkw@gizmodo.com,Male,7/9/1984,Limoges,87077 CEDEX 9,France
754,Kevin,Coleman,kcolemankx@hp.com,Male,12/19/1983,Limoges,87041 CEDEX 1,France
755,John,James,jjamesky@hatena.ne.jp,Male,9/22/1991,Niort,79099 CEDEX 9,France
756,Nancy,Anderson,nandersonkz@nytimes.com,Female,6/28/1988,Montpellier,34186 CEDEX 4,France
757,Kathleen,Ward,kwardl0@timesonline.co.uk,Female,8/12/1983,Aubagne,13674 CEDEX,France
758,Richard,Chapman,rchapmanl1@va.gov,Male,3/16/1983,Lyon,69446 CEDEX 03,France
759,Kathy,Ward,kwardl2@bizjournals.com,Female,8/25/1984,Paris 13,75643 CEDEX 13,France
760,Raymond,Wells,rwellsl3@tmall.com,Male,1/22/1982,Paris 19,75171 CEDEX 19,France
761,Arthur,Garcia,agarcial4@paginegialle.it,Male,1/23/1993,Bastia,20403 CEDEX,France
762,William,Gray,wgrayl5@senate.gov,Male,12/7/1985,Carpentras,84977 CEDEX,France
763,Betty,Oliver,boliverl6@cbc.ca,Female,10/4/1987,Aubergenville,78415 CEDEX,France
764,Kimberly,Oliver,koliverl7@tuttocitta.it,Female,10/12/1988,Frontignan,34114 CEDEX,France
765,Brandon,Phillips,bphillipsl8@tripod.com,Male,11/3/1981,Lyon,69281 CEDEX 01,France
766,Harry,Fox,hfoxl9@hostgator.com,Male,10/22/1986,Blois,41919 CEDEX 9,France
767,Teresa,Dixon,tdixonla@earthlink.net,Female,3/24/1985,Sophia Antipolis,06905 CEDEX,France
768,Gerald,Porter,gporterlb@independent.co.uk,Male,8/31/1982,Lunéville,54304 CEDEX,France
769,Cynthia,Shaw,cshawlc@nymag.com,Female,9/8/1982,Besançon,25014 CEDEX,France
770,Arthur,Ortiz,aortizld@cocolog-nifty.com,Male,7/11/1991,Rennes,35087 CEDEX,France
771,Elizabeth,Coleman,ecolemanle@amazon.co.jp,Female,2/28/1986,Saint-Quentin-en-Yvelines,78181 CEDEX,France
772,William,Hawkins,whawkinslf@narod.ru,Male,5/10/1988,Alès,30112 CEDEX,France
773,Jimmy,Frazier,jfrazierlg@jugem.jp,Male,7/29/1989,La Ravoire,73494 CEDEX,France
774,Jack,Simpson,jsimpsonlh@drupal.org,Male,12/29/1992,Quimper,29551 CEDEX 9,France
775,Kenneth,Franklin,kfranklinli@jigsy.com,Male,6/2/1987,Quimper,29102 CEDEX,France
776,Ashley,Nguyen,anguyenlj@github.io,Female,7/23/1992,Marignane,13729 CEDEX,France
777,Dorothy,Webb,dwebblk@goodreads.com,Female,4/30/1982,Sarrebourg,57404 CEDEX,France
778,Patricia,Anderson,pandersonll@wufoo.com,Female,11/4/1988,Redon,35605 CEDEX,France
779,Lawrence,Ross,lrosslm@bloomberg.com,Male,11/6/1981,Longwy,54412 CEDEX,France
780,Shirley,Hart,shartln@epa.gov,Female,6/10/1991,Chelles,77504 CEDEX,France
781,Paula,Butler,pbutlerlo@odnoklassniki.ru,Female,11/24/1987,Créteil,94952 CEDEX 9,France
782,Douglas,Bryant,dbryantlp@indiegogo.com,Male,1/12/1983,Creil,60315 CEDEX 5,France
783,Alan,Cooper,acooperlq@digg.com,Male,3/24/1982,Évry,91914 CEDEX 9,France
784,Annie,Fisher,afisherlr@csmonitor.com,Female,11/14/1991,Strasbourg,67953 CEDEX 9,France
785,Mark,Carter,mcarterls@biglobe.ne.jp,Male,9/5/1992,Morez,39409 CEDEX,France
786,Richard,White,rwhitelt@youtu.be,Male,6/29/1985,La Ravoire,73494 CEDEX,France
787,Wayne,Fuller,wfullerlu@chronoengine.com,Male,6/4/1983,Nanterre,92727 CEDEX,France
788,Brian,Coleman,bcolemanlv@rambler.ru,Male,1/30/1983,Lyon,69907 CEDEX 20,France
789,Ruby,Perez,rperezlw@ehow.com,Female,2/13/1988,Le Mans,72100,France
790,George,Bryant,gbryantlx@europa.eu,Male,8/29/1981,Cahors,46091 CEDEX 9,France
791,Patrick,Stevens,pstevensly@gov.uk,Male,1/28/1982,Châlons-en-Champagne,51039 CEDEX,France
792,Eric,Murphy,emurphylz@artisteer.com,Male,1/8/1981,Bordeaux,33911 CEDEX 9,France
793,Betty,Fuller,bfullerm0@jugem.jp,Female,11/13/1984,La Plaine-Saint-Denis,93571 CEDEX,France
794,Emily,Kelley,ekelleym1@opera.com,Female,9/30/1984,Cesson-Sévigné,35513 CEDEX,France
795,Brian,Thompson,bthompsonm2@macromedia.com,Male,1/26/1985,Fréjus,83613 CEDEX,France
796,Louise,Phillips,lphillipsm3@bbb.org,Female,3/10/1988,Vanves,92179 CEDEX,France
797,Christopher,Rice,cricem4@sohu.com,Male,7/10/1983,Marseille,13232 CEDEX 01,France
798,Susan,Thompson,sthompsonm5@usgs.gov,Female,2/20/1989,Nice,06009 CEDEX 1,France
799,Gloria,Myers,gmyersm6@cornell.edu,Female,1/25/1987,Courtaboeuf,91959 CEDEX,France
800,Annie,Wright,awrightm7@cbslocal.com,Female,1/30/1988,Orsay,91893 CEDEX,France
801,Judy,Arnold,jarnoldm8@vkontakte.ru,Female,8/15/1986,Roissy Charles-de-Gaulle,95711 CEDEX 1,France
802,Joseph,Simpson,jsimpsonm9@state.gov,Male,9/28/1980,Toulouse,31069 CEDEX 7,France
803,Irene,Simpson,isimpsonma@hhs.gov,Female,3/4/1992,Caluire-et-Cuire,69649 CEDEX,France
804,Lisa,Adams,ladamsmb@istockphoto.com,Female,9/4/1982,Annecy,74041 CEDEX,France
805,Jason,Nguyen,jnguyenmc@gnu.org,Male,2/4/1993,Futuroscope,86983 CEDEX,France
806,Nancy,Rodriguez,nrodriguezmd@elegantthemes.com,Female,1/23/1988,Saint-Quentin,02104 CEDEX,France
807,Stephanie,Holmes,sholmesme@hostgator.com,Female,6/18/1980,Lyon,69265 CEDEX 09,France
808,Jerry,Richardson,jrichardsonmf@ehow.com,Male,8/26/1992,Rouen,76040 CEDEX,France
809,Janet,Harvey,jharveymg@drupal.org,Female,11/18/1990,Dijon,21040 CEDEX,France
810,Antonio,Wheeler,awheelermh@intel.com,Male,8/25/1981,Chartres,28009 CEDEX,France
811,Johnny,Lewis,jlewismi@freewebs.com,Male,11/11/1983,Chantilly,60647 CEDEX,France
812,Teresa,Kim,tkimmj@stanford.edu,Female,1/6/1992,Rennes,35704 CEDEX 7,France
813,Paula,Matthews,pmatthewsmk@addthis.com,Female,7/27/1985,Aix-en-Provence,13617 CEDEX 1,France
814,Keith,Owens,kowensml@weather.com,Male,8/23/1987,Haguenau,67504 CEDEX,France
815,Catherine,Henry,chenrymm@hubpages.com,Female,6/18/1987,Narbonne,11104 CEDEX,France
816,Steven,Sanchez,ssanchezmn@youtube.com,Male,8/4/1982,Rungis,94525 CEDEX 1,France
817,Kenneth,Taylor,ktaylormo@goodreads.com,Male,5/10/1991,Bourges,18934 CEDEX 9,France
818,Scott,Anderson,sandersonmp@mit.edu,Male,5/22/1980,Amiens,80031 CEDEX 1,France
819,Virginia,Harrison,vharrisonmq@bbb.org,Female,12/6/1984,Rambouillet,78514 CEDEX,France
820,Willie,Simpson,wsimpsonmr@nature.com,Male,5/29/1991,Villejuif,94804 CEDEX,France
821,Ann,Cook,acookms@miibeian.gov.cn,Female,12/24/1990,Charenton-le-Pont,94675 CEDEX,France
822,Jane,Oliver,jolivermt@abc.net.au,Female,1/19/1985,Billère,64145 CEDEX,France
823,Jeremy,Palmer,jpalmermu@miibeian.gov.cn,Male,4/26/1982,Mérignac,33699 CEDEX,France
824,Melissa,Harvey,mharveymv@tumblr.com,Female,12/21/1988,Niort,79099 CEDEX 9,France
825,Sara,Ross,srossmw@cnet.com,Female,8/4/1992,Paris 17,75837 CEDEX 17,France
826,Julie,Gonzales,jgonzalesmx@purevolume.com,Female,7/18/1991,Bollène,84504 CEDEX,France
827,Carol,Dean,cdeanmy@a8.net,Female,5/12/1988,Nîmes,30006 CEDEX 4,France
828,Dorothy,Carroll,dcarrollmz@java.com,Female,1/3/1990,Gif-sur-Yvette,91199 CEDEX,France
829,Louis,Sims,lsimsn0@domainmarket.com,Male,9/23/1986,Salon-de-Provence,13654 CEDEX,France
830,William,Hamilton,whamiltonn1@google.cn,Male,8/30/1987,Laval,53009 CEDEX,France
831,Randy,Sims,rsimsn2@alibaba.com,Male,11/7/1986,Tours,37922 CEDEX 9,France
832,Christina,Henry,chenryn3@cloudflare.com,Female,1/19/1988,Aubenas,07204 CEDEX,France
833,Theresa,Jordan,tjordann4@github.io,Female,12/17/1980,Châteaurenard,13834 CEDEX,France
834,Louis,Williams,lwilliamsn5@cnet.com,Male,6/13/1982,Toul,54204 CEDEX,France
835,Aaron,Owens,aowensn6@indiatimes.com,Male,9/16/1982,Pont-à-Mousson,54704 CEDEX,France
836,Phyllis,Rice,pricen7@hubpages.com,Female,12/2/1991,Valence,26907 CEDEX 9,France
837,Stephen,Fields,sfieldsn8@ucoz.com,Male,10/2/1990,Tours,37082 CEDEX 2,France
838,Angela,Mccoy,amccoyn9@chronoengine.com,Female,10/22/1981,Dijon,21072 CEDEX,France
839,Anthony,Diaz,adiazna@booking.com,Male,6/28/1980,Lattes,34975 CEDEX,France
840,Mildred,Owens,mowensnb@issuu.com,Female,1/27/1989,Chalon-sur-Saône,71332 CEDEX,France
841,Carolyn,Austin,caustinnc@sina.com.cn,Female,10/31/1984,Tulle,19011 CEDEX,France
842,Arthur,Jenkins,ajenkinsnd@digg.com,Male,5/10/1987,Marseille,13393 CEDEX 13,France
843,Andrew,Johnston,ajohnstonne@reference.com,Male,11/26/1982,Saint-Étienne,42014 CEDEX 2,France
844,Brenda,Richardson,brichardsonnf@163.com,Female,1/27/1982,Avignon,84007 CEDEX 1,France
845,Ruby,Morgan,rmorganng@shareasale.com,Female,9/29/1991,Reims,51679 CEDEX 2,France
846,Linda,West,lwestnh@cbc.ca,Female,6/24/1987,La Plaine-Saint-Denis,93571 CEDEX,France
847,Billy,Simpson,bsimpsonni@youtu.be,Male,3/30/1987,Angoulême,16004 CEDEX,France
848,Joe,Butler,jbutlernj@samsung.com,Male,5/9/1982,Saint-Quentin-Fallavier,38293 CEDEX,France
849,Ann,James,ajamesnk@odnoklassniki.ru,Female,1/16/1982,Blois,41029 CEDEX,France
850,William,Stevens,wstevensnl@netvibes.com,Male,10/31/1988,Nantes,44265 CEDEX 2,France
851,David,Greene,dgreenenm@dell.com,Male,8/5/1980,Bagnères-de-Bigorre,65204 CEDEX,France
852,Margaret,Allen,mallennn@mashable.com,Female,12/23/1982,Auxerre,89010 CEDEX,France
853,Betty,Robinson,brobinsonno@narod.ru,Female,7/17/1990,Beauvais,60022 CEDEX,France
854,Michael,Williams,mwilliamsnp@about.me,Male,6/29/1988,Poissy,78304 CEDEX,France
855,Theresa,Hughes,thughesnq@goo.ne.jp,Female,6/25/1984,Quimper,29327 CEDEX,France
856,Melissa,Simpson,msimpsonnr@gmpg.org,Female,6/20/1980,Clermont-Ferrand,63057 CEDEX 1,France
857,Brenda,Phillips,bphillipsns@yolasite.com,Female,3/24/1993,Châtellerault,86104 CEDEX,France
858,Sharon,Johnston,sjohnstonnt@nsw.gov.au,Female,8/10/1980,Dijon,21083 CEDEX 9,France
859,Harry,Nelson,hnelsonnu@gnu.org,Male,9/29/1980,Vannes,56004 CEDEX,France
860,Louis,Stewart,lstewartnv@reuters.com,Male,4/21/1981,Dammarie-les-Lys,77193 CEDEX,France
861,Louis,Sanders,lsandersnw@lycos.com,Male,6/27/1989,Dinan,22104 CEDEX,France
862,Marilyn,Berry,mberrynx@jigsy.com,Female,7/2/1980,Villeneuve-d'Ascq,59663 CEDEX,France
863,Lori,Kennedy,lkennedyny@howstuffworks.com,Female,6/21/1987,Châteaurenard,13834 CEDEX,France
864,Emily,Thomas,ethomasnz@miibeian.gov.cn,Female,1/30/1988,Saint-Quentin-en-Yvelines,78067 CEDEX,France
865,Jane,Cunningham,jcunninghamo0@webs.com,Female,6/30/1986,Palaiseau,91124 CEDEX,France
866,Maria,Owens,mowenso1@rakuten.co.jp,Female,3/21/1987,Aime,73216 CEDEX,France
867,Nancy,Matthews,nmatthewso2@about.me,Female,1/9/1984,Ajaccio,20311 CEDEX 1,France
868,James,Ruiz,jruizo3@yahoo.co.jp,Male,7/14/1982,Angers,49010 CEDEX 01,France
869,Donald,Brooks,dbrookso4@biglobe.ne.jp,Male,11/28/1985,Nice,06293 CEDEX 3,France
870,Anna,Green,agreeno5@slideshare.net,Female,1/5/1984,Marne-la-Vallée,77602 CEDEX 3,France
871,Juan,Green,jgreeno6@nifty.com,Male,9/9/1983,Domont,95334 CEDEX,France
872,Matthew,Payne,mpayneo7@netvibes.com,Male,5/15/1985,Vanves,92179 CEDEX,France
873,Robert,Gonzales,rgonzaleso8@phoca.cz,Male,12/18/1982,Le Havre,76086 CEDEX,France
874,Roy,George,rgeorgeo9@ibm.com,Male,9/21/1985,Metz,57751 CEDEX 9,France
875,Martha,Thomas,mthomasoa@istockphoto.com,Female,4/22/1989,Flers,61104 CEDEX,France
876,Lillian,Fernandez,lfernandezob@ed.gov,Female,6/15/1987,La Rochelle,17004 CEDEX 1,France
877,George,Carpenter,gcarpenteroc@skyrock.com,Male,2/7/1990,Chilly-Mazarin,91384 CEDEX,France
878,Lillian,Gibson,lgibsonod@t.co,Female,6/15/1981,Coutances,50204 CEDEX,France
879,Benjamin,Wheeler,bwheeleroe@mysql.com,Male,2/24/1982,Clamart,92144 CEDEX,France
880,Tina,Davis,tdavisof@yellowpages.com,Female,12/25/1980,Grenoble,38066 CEDEX 2,France
881,Beverly,Armstrong,barmstrongog@amazon.com,Female,2/22/1986,Blois,41029 CEDEX,France
882,Debra,Armstrong,darmstrongoh@liveinternet.ru,Female,2/22/1981,Pontarlier,25304 CEDEX,France
883,Laura,Franklin,lfranklinoi@webs.com,Female,10/31/1986,Grenoble,38066 CEDEX 2,France
884,Laura,Weaver,lweaveroj@tuttocitta.it,Female,9/25/1985,Créteil,94946 CEDEX 9,France
885,Wayne,Andrews,wandrewsok@nhs.uk,Male,4/28/1981,Dijon,21019 CEDEX,France
886,Paula,Moreno,pmorenool@sciencedirect.com,Female,10/23/1986,Paris La Défense,92980 CEDEX,France
887,Lillian,Morris,lmorrisom@rambler.ru,Female,10/8/1984,Évry,91982 CEDEX 9,France
888,Roy,Patterson,rpattersonon@slate.com,Male,3/14/1992,Aubervilliers,93321 CEDEX,France
889,Irene,Jacobs,ijacobsoo@upenn.edu,Female,12/26/1985,Chenôve,21304 CEDEX,France
890,Jesse,Bowman,jbowmanop@people.com.cn,Male,3/10/1993,Forbach,57609 CEDEX,France
891,Carolyn,Jackson,cjacksonoq@uol.com.br,Female,4/13/1991,Alès,30104 CEDEX,France
892,Earl,Peters,epetersor@ucoz.ru,Male,9/1/1985,Rouen,76418 CEDEX 9,France
893,Sean,Young,syoungos@clickbank.net,Male,1/29/1982,Nice,06016 CEDEX 1,France
894,Michelle,Daniels,mdanielsot@booking.com,Female,2/26/1984,Lyon,69206 CEDEX 01,France
895,Evelyn,Owens,eowensou@pcworld.com,Female,2/20/1991,Saumur,49411 CEDEX,France
896,Richard,Crawford,rcrawfordov@yellowpages.com,Male,2/26/1985,Aix-les-Bains,73104 CEDEX,France
897,Scott,Sullivan,ssullivanow@dropbox.com,Male,6/20/1981,Gif-sur-Yvette,91199 CEDEX,France
898,Joe,Shaw,jshawox@naver.com,Male,2/13/1993,Paris 15,75737 CEDEX 15,France
899,Angela,Flores,afloresoy@bandcamp.com,Female,8/3/1989,Vitry-sur-Seine,94409 CEDEX,France
900,Katherine,Murphy,kmurphyoz@yolasite.com,Female,10/19/1991,Gif-sur-Yvette,91194 CEDEX,France
901,Douglas,Reynolds,dreynoldsp0@nifty.com,Male,2/8/1993,Gap,05004 CEDEX,France
902,Walter,Nguyen,wnguyenp1@independent.co.uk,Male,1/3/1993,Provins,77484 CEDEX,France
903,Peter,Gutierrez,pgutierrezp2@google.co.jp,Male,4/17/1987,Quimper,29102 CEDEX,France
904,Carl,Meyer,cmeyerp3@sohu.com,Male,2/27/1987,Avignon,84072 CEDEX 4,France
905,Peter,Harrison,pharrisonp4@ifeng.com,Male,4/10/1984,Montauban,82004 CEDEX,France
906,Andrea,Stanley,astanleyp5@nba.com,Female,12/15/1990,Coutances,50204 CEDEX,France
907,Carolyn,Ward,cwardp6@abc.net.au,Female,1/26/1990,Châtillon,92324 CEDEX,France
908,Joe,Palmer,jpalmerp7@biblegateway.com,Male,5/15/1980,Lyon,69406 CEDEX 03,France
909,Rose,Ferguson,rfergusonp8@ted.com,Female,9/15/1982,Lillers,62193 CEDEX,France
910,Ann,Fisher,afisherp9@joomla.org,Female,12/9/1981,Le Blanc-Mesnil,93591 CEDEX,France
911,Matthew,Mcdonald,mmcdonaldpa@blinklist.com,Male,10/26/1980,Saint-Dizier,52109 CEDEX,France
912,Carlos,Richardson,crichardsonpb@dailymail.co.uk,Male,12/24/1987,Saint-Rémy-de-Provence,13538 CEDEX,France
913,Richard,Roberts,rrobertspc@soundcloud.com,Male,6/6/1992,Fontenay-sous-Bois,94124 CEDEX,France
914,Adam,Stone,astonepd@examiner.com,Male,7/20/1989,Blois,41942 CEDEX 9,France
915,Joyce,Barnes,jbarnespe@live.com,Female,1/27/1992,Brest,29825 CEDEX 9,France
916,Ernest,Porter,eporterpf@sina.com.cn,Male,4/3/1985,Grenoble,38051 CEDEX 9,France
917,Nicole,Elliott,nelliottpg@360.cn,Female,4/21/1981,Bondy,93144 CEDEX,France
918,Steven,Davis,sdavisph@stanford.edu,Male,8/21/1992,Forbach,57609 CEDEX,France
919,Michelle,Griffin,mgriffinpi@adobe.com,Female,2/26/1990,Cambrai,59407 CEDEX,France
920,Wanda,Ray,wraypj@hc360.com,Female,2/8/1987,La Plaine-Saint-Denis,93571 CEDEX,France
921,Jose,Rose,jrosepk@vkontakte.ru,Male,12/30/1981,Carquefou,44474 CEDEX,France
922,Cheryl,Franklin,cfranklinpl@google.nl,Female,1/14/1990,Marne-la-Vallée,77602 CEDEX 3,France
923,Lawrence,Porter,lporterpm@nasa.gov,Male,9/5/1984,Aime,73216 CEDEX,France
924,Andrea,Alexander,aalexanderpn@toplist.cz,Female,3/2/1988,Landerneau,29411 CEDEX,France
925,Randy,Martin,rmartinpo@baidu.com,Male,1/24/1984,Annecy,74009 CEDEX,France
926,Billy,Wagner,bwagnerpp@mlb.com,Male,9/24/1989,Creil,60109 CEDEX 1,France
927,Irene,Reynolds,ireynoldspq@ifeng.com,Female,11/25/1981,Mitry-Mory,77294 CEDEX,France
928,Sara,Hanson,shansonpr@goo.ne.jp,Female,3/14/1992,Beauvais,60022 CEDEX,France
929,Ruth,Mccoy,rmccoyps@bloglines.com,Female,8/25/1980,Aulnay-sous-Bois,93616 CEDEX,France
930,Virginia,George,vgeorgept@rakuten.co.jp,Female,10/23/1982,Villeneuve-sur-Lot,47304 CEDEX,France
931,Janice,Ford,jfordpu@unicef.org,Female,5/2/1992,Clermont-Ferrand,63964 CEDEX 9,France
932,Shawn,Montgomery,smontgomerypv@github.com,Male,3/19/1985,Grenoble,38051 CEDEX 9,France
933,Billy,Gonzales,bgonzalespw@si.edu,Male,11/11/1983,Dammarie-les-Lys,77193 CEDEX,France
934,Benjamin,Scott,bscottpx@trellian.com,Male,9/5/1992,Vandœuvre-lès-Nancy,54516 CEDEX,France
935,Christine,Palmer,cpalmerpy@globo.com,Female,5/2/1985,Villeneuve-d'Ascq,59663 CEDEX,France
936,Julie,Lawrence,jlawrencepz@mysql.com,Female,2/18/1990,Argenteuil,95109 CEDEX,France
937,Steve,Chavez,schavezq0@home.pl,Male,1/4/1984,Langres,52204 CEDEX,France
938,Alice,Cook,acookq1@usatoday.com,Female,10/21/1981,Sophia Antipolis,06905 CEDEX,France
939,Anthony,Diaz,adiazq2@dyndns.org,Male,11/5/1984,Béziers,34545 CEDEX,France
940,Anthony,Dixon,adixonq3@shop-pro.jp,Male,1/25/1990,Reims,51086 CEDEX,France
941,Marie,Ryan,mryanq4@etsy.com,Female,11/11/1989,Caen,14058 CEDEX 4,France
942,Lillian,Schmidt,lschmidtq5@yellowpages.com,Female,5/18/1981,Grenoble,38816 CEDEX 1,France
943,Paula,Gray,pgrayq6@illinois.edu,Female,6/6/1988,Clermont-Ferrand,63032 CEDEX 9,France
944,Mark,Dixon,mdixonq7@mapquest.com,Male,12/5/1980,Châteauroux,36009 CEDEX,France
945,Gerald,Banks,gbanksq8@indiegogo.com,Male,11/26/1982,Locminé,56504 CEDEX,France
946,Howard,Watkins,hwatkinsq9@nydailynews.com,Male,12/26/1988,Paris 02,75075 CEDEX 02,France
947,Antonio,Jordan,ajordanqa@ebay.co.uk,Male,3/30/1987,Paris 19,75949 CEDEX 19,France
948,Gary,Duncan,gduncanqb@ucsd.edu,Male,2/28/1988,Guingamp,22204 CEDEX,France
949,Dorothy,Hunter,dhunterqc@icio.us,Female,10/3/1987,Saint-Maixent-l'École,79404 CEDEX,France
950,Robert,Austin,raustinqd@t-online.de,Male,8/25/1990,Cergy-Pontoise,95092 CEDEX,France
951,Walter,Fernandez,wfernandezqe@nba.com,Male,12/13/1984,Le Cannet,06116 CEDEX,France
952,Donna,James,djamesqf@tinypic.com,Female,5/31/1984,Lille,59715 CEDEX 9,France
953,Diane,Rice,driceqg@cbc.ca,Female,8/17/1980,Granville,50404 CEDEX,France
954,Jacqueline,Mendoza,jmendozaqh@over-blog.com,Female,7/6/1983,Croix,59967 CEDEX,France
955,Doris,Watson,dwatsonqi@cdbaby.com,Female,10/11/1989,Paris 01,75038 CEDEX 01,France
956,Jessica,Carpenter,jcarpenterqj@51.la,Female,5/15/1981,Issoudun,36104 CEDEX,France
957,Jason,Romero,jromeroqk@facebook.com,Male,1/25/1990,Fos-sur-Mer,13779 CEDEX,France
958,Timothy,Gonzales,tgonzalesql@bloomberg.com,Male,4/17/1981,Besançon,25024 CEDEX,France
959,Anna,Diaz,adiazqm@ebay.com,Female,5/26/1983,Saint-Quentin-en-Yvelines,78061 CEDEX,France
960,Victor,Mcdonald,vmcdonaldqn@lulu.com,Male,3/16/1985,Arras,62972 CEDEX 9,France
961,Eric,Berry,eberryqo@wikimedia.org,Male,7/5/1990,Villeneuve-lès-Avignon,30404 CEDEX,France
962,Craig,Carpenter,ccarpenterqp@ed.gov,Male,2/1/1982,Saverne,67704 CEDEX,France
963,Bonnie,Wood,bwoodqq@wix.com,Female,8/24/1989,Champigny-sur-Marne,94504 CEDEX,France
964,Jason,Garcia,jgarciaqr@simplemachines.org,Male,1/13/1992,Paris 08,75419 CEDEX 08,France
965,Jane,Moore,jmooreqs@npr.org,Female,7/17/1989,Grenoble,38051 CEDEX 9,France
966,Joshua,Snyder,jsnyderqt@ibm.com,Male,5/30/1982,Le Mans,72080 CEDEX 9,France
967,Antonio,Clark,aclarkqu@unc.edu,Male,7/26/1981,Orléans,45969 CEDEX 9,France
968,Robin,Snyder,rsnyderqv@google.it,Female,8/17/1983,Roissy Charles-de-Gaulle,95711 CEDEX 1,France
969,Mark,Hill,mhillqw@miibeian.gov.cn,Male,9/25/1991,Dijon,21051 CEDEX,France
970,Carol,Gomez,cgomezqx@hao123.com,Female,7/8/1991,Metz,57016 CEDEX 01,France
971,Peter,Wilson,pwilsonqy@dailymail.co.uk,Male,10/5/1982,Paris La Défense,92061 CEDEX,France
972,Carlos,Russell,crussellqz@dion.ne.jp,Male,1/21/1985,Créteil,94972 CEDEX 9,France
973,Jean,Harper,jharperr0@constantcontact.com,Female,6/12/1990,Strasbourg,67928 CEDEX 9,France
974,Willie,Hunter,whunterr1@earthlink.net,Male,6/22/1992,Toulouse,31019 CEDEX 2,France
975,Bobby,Bell,bbellr2@apache.org,Male,2/18/1987,Paris 13,75706 CEDEX 13,France
976,Gerald,Rice,gricer3@elpais.com,Male,2/17/1985,Altkirch,68134 CEDEX,France
977,Julie,Garcia,jgarciar4@51.la,Female,3/1/1986,Clermont-Ferrand,63964 CEDEX 9,France
978,Ashley,Butler,abutlerr5@163.com,Female,5/20/1985,Marseille,13393 CEDEX 13,France
979,Walter,Adams,wadamsr6@slideshare.net,Male,1/14/1981,Hayange,57704 CEDEX,France
980,Martin,Scott,mscottr7@tumblr.com,Male,10/12/1985,Cergy-Pontoise,95809 CEDEX,France
981,Robin,Jones,rjonesr8@newsvine.com,Female,3/5/1981,Molsheim,67124 CEDEX,France
982,Theresa,Simpson,tsimpsonr9@list-manage.com,Female,6/11/1981,Neuilly-sur-Seine,92521 CEDEX,France
983,Barbara,Davis,bdavisra@dropbox.com,Female,11/19/1992,Châteauroux,36029 CEDEX,France
984,Juan,Hicks,jhicksrb@uiuc.edu,Male,6/2/1989,Thionville,57119 CEDEX,France
985,Kimberly,Olson,kolsonrc@state.tx.us,Female,11/16/1989,Redon,35605 CEDEX,France
986,Craig,Hughes,chughesrd@soup.io,Male,10/12/1990,Limeil-Brévannes,94454 CEDEX,France
987,Todd,Stephens,tstephensre@pen.io,Male,9/4/1991,Briey,54154 CEDEX,France
988,Eric,Hall,ehallrf@yellowpages.com,Male,3/3/1988,Valenciennes,59309 CEDEX,France
989,Thomas,Gilbert,tgilbertrg@skyrock.com,Male,11/23/1992,Metz,57045 CEDEX 01,France
990,Pamela,Pierce,ppiercerh@loc.gov,Female,12/25/1987,Saint-Gratien,95219 CEDEX,France
991,Rachel,Mason,rmasonri@sphinn.com,Female,6/2/1981,Roissy Charles-de-Gaulle,95933 CEDEX 2,France
992,Adam,Mitchell,amitchellrj@yolasite.com,Male,10/28/1983,Choisy-le-Roi,94604 CEDEX,France
993,Roger,Frazier,rfrazierrk@japanpost.jp,Male,11/27/1987,Châlons-en-Champagne,51012 CEDEX,France
994,Lisa,Robinson,lrobinsonrl@joomla.org,Female,8/30/1989,Longvic,21604 CEDEX,France
995,Karen,Evans,kevansrm@toplist.cz,Female,7/12/1980,Privas,07004 CEDEX,France
996,Gregory,Perkins,gperkinsrn@gmpg.org,Male,10/14/1990,Paris 12,75609 CEDEX 12,France
997,Joyce,Morales,jmoralesro@cdbaby.com,Female,4/22/1983,Bordeaux,33050 CEDEX,France
998,Christine,Owens,cowensrp@ft.com,Female,2/5/1992,Nevers,58017 CEDEX,France
999,George,Russell,grussellrq@who.int,Male,12/7/1984,Lunel,34404 CEDEX,France
1000,Robin,Scott,rscottrr@woothemes.com,Female,5/23/1985,Villeneuve-la-Garenne,92398 CEDEX,France
